Timestamp,PV,SP,OUTPUT
2026-06-22T15:37:10.619477,-3.3,67.0,95.0
2026-06-22T15:37:12.622030,-3.3,67.0,95.0
2026-06-22T15:37:14.656624,-3.3,67.0,95.0
2026-06-22T15:37:16.611147,-3.3,67.0,95.0
2026-06-22T15:37:18.629668,-3.3,67.0,95.0
2026-06-22T15:37:20.632265,-3.3,67.0,95.0
2026-06-22T15:37:22.634790,-3.3,67.0,95.0
2026-06-22T15:37:24.621346,-3.3,67.0,95.0
2026-06-22T15:37:26.639968,-3.3,67.0,95.0
2026-06-22T15:37:28.610441,-3.3,67.0,95.0
2026-06-22T15:37:30.628981,-3.3,67.0,95.0
2026-06-22T15:37:32.631594,-3.3,67.0,95.0
2026-06-22T15:37:34.618062,-3.3,67.0,95.0
2026-06-22T15:37:36.620552,-3.3,67.0,95.0
2026-06-22T15:37:38.639015,-3.3,67.0,95.0
2026-06-22T15:37:40.609681,-3.3,67.0,95.0
2026-06-22T15:37:42.628368,-3.3,67.0,95.0
2026-06-22T15:37:44.630630,-3.3,67.0,95.0
2026-06-22T15:37:46.617291,-3.3,67.0,95.0
2026-06-22T15:37:48.619738,-3.3,67.0,95.0
2026-06-22T15:37:50.606608,-3.3,67.0,95.0
2026-06-22T15:37:52.640789,-3.3,67.0,95.0
2026-06-22T15:37:54.627377,-3.3,67.0,95.0
2026-06-22T15:37:56.630301,-3.3,67.0,95.0
2026-06-22T15:37:58.616546,-3.3,67.0,95.0
2026-06-22T15:38:00.618985,-3.3,67.0,95.0
2026-06-22T15:38:02.605498,-3.3,67.0,95.0
2026-06-22T15:38:04.607995,-3.3,67.0,95.0
2026-06-22T15:38:06.626546,-3.3,67.0,95.0
2026-06-22T15:38:08.629076,-3.3,67.0,95.0
2026-06-22T15:38:10.615686,-3.3,67.0,95.0
2026-06-22T15:38:12.650134,-3.3,67.0,95.0
2026-06-22T15:38:14.636655,-3.3,67.0,95.0
2026-06-22T15:38:16.639253,-3.3,67.0,95.0
2026-06-22T15:38:18.625440,-3.3,67.0,95.0
2026-06-22T15:38:20.628102,-3.3,67.0,95.0
2026-06-22T15:38:22.614529,-3.3,67.0,95.0
2026-06-22T15:38:24.857394,-3.3,67.0,95.0
2026-06-22T15:38:26.635830,-3.3,67.0,95.0
2026-06-22T15:38:28.606165,-3.3,67.0,95.0
2026-06-22T15:38:30.624695,-3.3,67.0,95.0
2026-06-22T15:38:32.627164,-3.3,67.0,95.0
2026-06-22T15:38:34.613757,-3.3,66.0,95.0
2026-06-22T15:38:36.648285,-3.3,66.0,95.0
2026-06-22T15:38:38.602769,-3.3,66.0,95.0
2026-06-22T15:38:40.637338,-3.3,66.0,95.0
2026-06-22T15:38:42.623932,-3.3,66.0,95.0
2026-06-22T15:38:44.626459,-3.3,66.0,95.0
2026-06-22T15:38:46.612937,-3.3,66.0,95.0
2026-06-22T15:38:48.647537,-3.3,66.0,95.0
2026-06-22T15:38:50.601979,-3.3,66.0,95.0
2026-06-22T15:38:52.636562,-3.3,66.0,95.0
2026-06-22T15:38:54.623081,-3.3,66.0,95.0
2026-06-22T15:38:56.657750,-3.3,66.0,95.0
2026-06-22T15:38:58.644285,-3.3,66.0,95.0
2026-06-22T15:39:00.614754,-3.3,66.0,95.0
2026-06-22T15:39:02.809604,-3.3,66.0,95.0
2026-06-22T15:39:04.635923,-3.3,66.0,95.0
2026-06-22T15:39:06.622397,-3.3,66.0,95.0
2026-06-22T15:39:08.624911,-3.3,66.0,95.0
2026-06-22T15:39:10.611483,-3.3,66.0,95.0
2026-06-22T15:39:12.646258,-3.3,66.0,95.0
2026-06-22T15:39:14.632844,-3.3,66.0,95.0
2026-06-22T15:39:16.619280,-3.3,66.0,95.0
2026-06-22T15:39:18.621683,-3.3,66.0,95.0
2026-06-22T15:39:20.624011,-3.3,66.0,95.0
2026-06-22T15:39:22.642882,-3.3,66.0,95.0
2026-06-22T15:39:24.645093,-3.3,66.0,95.0
2026-06-22T15:39:26.631471,-3.3,66.0,95.0
2026-06-22T15:39:28.666054,-3.3,66.0,95.0
2026-06-22T15:39:30.652638,-3.3,66.0,95.0
2026-06-22T15:39:32.655157,-3.3,66.0,95.0
2026-06-22T15:39:34.642369,-3.3,66.0,95.0
2026-06-22T15:39:36.644114,-3.3,66.0,95.0
2026-06-22T15:39:38.662677,-3.3,66.0,95.0
2026-06-22T15:39:40.665291,-3.3,66.0,95.0
2026-06-22T15:39:42.683778,-3.3,66.0,95.0
2026-06-22T15:39:44.686347,-3.3,66.0,95.0
2026-06-22T15:39:46.672945,-3.3,66.0,95.0
2026-06-22T15:39:48.676194,-3.3,66.0,95.0
2026-06-22T15:39:50.662156,-3.3,66.0,95.0
2026-06-22T15:39:52.698581,-3.3,66.0,95.0
2026-06-22T15:39:54.650957,-3.3,66.0,95.0
2026-06-22T15:39:56.669657,-3.3,66.0,95.0
2026-06-22T15:39:58.672001,-3.3,66.0,95.0
2026-06-22T15:40:00.674609,-3.3,66.0,95.0
2026-06-22T15:40:02.661104,-3.3,66.0,95.0
2026-06-22T15:40:04.695866,-3.3,66.0,95.0
2026-06-22T15:40:06.682265,-3.3,66.0,95.0
2026-06-22T15:40:08.668706,-3.3,66.0,95.0
2026-06-22T15:40:10.671224,-3.3,66.0,95.0
2026-06-22T15:40:12.673757,-3.3,66.0,95.0
2026-06-22T15:40:14.660349,-3.3,66.0,95.0
2026-06-22T15:40:16.679184,-3.3,66.0,95.0
2026-06-22T15:40:18.649379,-3.3,66.0,95.0
2026-06-22T15:40:20.683893,-3.3,66.0,95.0
2026-06-22T15:40:22.702464,-3.3,66.0,95.0
2026-06-22T15:40:24.737023,-3.3,66.0,95.0
2026-06-22T15:40:26.691448,-3.3,66.0,95.0
2026-06-22T15:40:28.726153,-3.3,66.0,95.0
2026-06-22T15:40:30.712490,-3.3,66.0,95.0
2026-06-22T15:40:32.715075,-3.3,100.0,95.0
2026-06-22T15:40:34.701612,-3.3,100.0,95.0
2026-06-22T15:40:36.704141,-3.3,100.0,95.0
2026-06-22T15:40:38.722706,-3.3,100.0,95.0
2026-06-22T15:40:40.709273,-3.3,100.0,95.0
2026-06-22T15:40:42.711733,-3.3,100.0,95.0
2026-06-22T15:40:44.714343,-3.3,100.0,95.0
2026-06-22T15:40:46.700866,-3.3,100.0,95.0
2026-06-22T15:40:48.719399,-3.3,100.0,95.0
2026-06-22T15:40:50.721960,-3.3,100.0,95.0
2026-06-22T15:40:52.756516,-3.3,100.0,95.0
2026-06-22T15:40:54.743066,-3.3,100.0,95.0
2026-06-22T15:40:56.745630,-3.3,100.0,95.0
2026-06-22T15:40:58.764143,-3.3,100.0,95.0
2026-06-22T15:41:00.734625,-3.3,100.0,95.0
2026-06-22T15:41:02.929444,-3.3,100.0,95.0
2026-06-22T15:41:04.755769,-3.4,100.0,95.0
2026-06-22T15:41:06.742297,-3.4,100.0,95.0
2026-06-22T15:41:08.776940,-3.4,100.0,95.0
2026-06-22T15:41:10.731390,-3.4,100.0,95.0
2026-06-22T15:41:12.766071,-3.4,100.0,95.0
2026-06-22T15:41:14.752466,-3.4,100.0,95.0
2026-06-22T15:41:16.787079,-3.4,100.0,95.0
2026-06-22T15:41:18.805672,-3.4,100.0,95.0
2026-06-22T15:41:20.808216,-3.4,100.0,95.0
2026-06-22T15:41:22.794685,-3.4,100.0,95.0
2026-06-22T15:41:24.797207,-3.4,100.0,95.0
2026-06-22T15:41:26.783786,-3.4,100.0,95.0
2026-06-22T15:41:28.820212,-3.4,100.0,95.0
2026-06-22T15:41:30.804862,-3.4,100.0,95.0
2026-06-22T15:41:32.775369,-3.4,100.0,95.0
2026-06-22T15:41:34.793978,-3.4,100.0,95.0
2026-06-22T15:41:36.828580,-3.4,100.0,95.0
2026-06-22T15:41:38.782940,-3.4,100.0,95.0
2026-06-22T15:41:40.817589,-3.4,100.0,95.0
2026-06-22T15:41:42.803947,-3.4,100.0,95.0
2026-06-22T15:41:44.806486,-3.4,100.0,95.0
2026-06-22T15:41:46.792998,-3.4,100.0,95.0
2026-06-22T15:41:48.827522,-3.4,100.0,95.0
2026-06-22T15:41:50.782067,-3.4,100.0,95.0
2026-06-22T15:41:52.816613,-3.4,100.0,95.0
2026-06-22T15:41:54.803165,-3.4,100.0,95.0
2026-06-22T15:41:56.805698,-3.4,100.0,95.0
2026-06-22T15:41:58.792317,-3.4,100.0,95.0
2026-06-22T15:42:00.794824,-3.4,100.0,95.0
2026-06-22T15:42:02.781288,-3.4,100.0,95.0
2026-06-22T15:42:04.815866,-3.4,100.0,95.0
2026-06-22T15:42:06.802355,-3.4,100.0,95.0
2026-06-22T15:42:08.804938,-3.4,100.0,95.0
2026-06-22T15:42:10.791482,-3.4,100.0,95.0
2026-06-22T15:42:12.793989,-3.4,100.0,95.0
2026-06-22T15:42:14.780525,-3.4,100.0,95.0
2026-06-22T15:42:16.815087,-3.4,100.0,95.0
2026-06-22T15:42:18.801619,-3.4,100.0,95.0
2026-06-22T15:42:20.836120,-3.4,100.0,95.0
2026-06-22T15:42:22.790630,-3.4,100.0,95.0
2026-06-22T15:42:24.825192,-3.4,100.0,95.0
2026-06-22T15:42:26.811725,-3.4,100.0,95.0
2026-06-22T15:42:28.846151,-3.4,100.0,95.0
2026-06-22T15:42:30.832675,-3.4,100.0,95.0
2026-06-22T15:42:32.835312,-3.4,100.0,95.0
2026-06-22T15:42:34.821729,-3.4,100.0,95.0
2026-06-22T15:42:36.840349,-3.4,100.0,95.0
2026-06-22T15:42:38.842868,-3.4,100.0,95.0
2026-06-22T15:42:40.829364,-3.4,100.0,95.0
2026-06-22T15:42:42.831813,-3.4,100.0,95.0
2026-06-22T15:42:44.834349,-3.4,100.0,95.0
2026-06-22T15:42:46.820911,-3.4,100.0,95.0
2026-06-22T15:42:48.839428,-3.4,100.0,95.0
2026-06-22T15:42:50.841949,-3.4,100.0,95.0
2026-06-22T15:42:52.844493,-3.4,100.0,95.0
2026-06-22T15:42:54.831014,-3.4,100.0,95.0
2026-06-22T15:42:56.865653,-3.4,100.0,95.0
2026-06-22T15:42:58.884221,-3.4,100.0,95.0
2026-06-22T15:43:00.854716,-3.4,100.0,95.0
2026-06-22T15:43:02.873230,-3.4,100.0,95.0
2026-06-22T15:43:04.907845,-3.4,100.0,95.0
2026-06-22T15:43:06.862280,-3.4,100.0,95.0
2026-06-22T15:43:08.896956,-3.4,100.0,95.0
2026-06-22T15:43:10.883343,-3.4,100.0,95.0
2026-06-22T15:43:12.869785,-3.4,100.0,95.0
2026-06-22T15:43:14.872411,-3.4,100.0,95.0
2026-06-22T15:43:16.906902,-3.4,100.0,95.0
2026-06-22T15:43:18.893422,-3.4,100.0,95.0
2026-06-22T15:43:20.879933,-3.4,100.0,95.0
2026-06-22T15:43:22.882471,-3.4,100.0,95.0
2026-06-22T15:43:24.869224,-3.4,100.0,95.0
2026-06-22T15:43:26.871629,-3.4,100.0,95.0
2026-06-22T15:43:28.890885,-3.4,100.0,95.0
2026-06-22T15:43:30.892627,-3.4,100.0,95.0
2026-06-22T15:43:32.879206,-3.4,100.0,95.0
2026-06-22T15:43:34.881568,-3.4,100.0,95.0
2026-06-22T15:43:36.884042,-3.4,100.0,95.0
2026-06-22T15:43:38.870824,-3.4,100.0,95.0
2026-06-22T15:43:40.857096,-3.4,100.0,95.0
2026-06-22T15:43:42.859564,-3.4,100.0,95.0
2026-06-22T15:43:44.877992,-3.4,100.0,95.0
2026-06-22T15:43:46.880495,-3.4,100.0,95.0
2026-06-22T15:43:48.867072,-3.4,100.0,95.0
2026-06-22T15:43:50.869615,-3.4,100.0,95.0
2026-06-22T15:43:52.856155,-3.4,100.0,95.0
2026-06-22T15:43:54.858673,-3.4,100.0,95.0
2026-06-22T15:43:56.877193,-3.4,100.0,95.0
2026-06-22T15:43:58.879762,-3.4,100.0,95.0
2026-06-22T15:44:00.866205,-3.4,100.0,95.0
2026-06-22T15:44:02.868782,-3.4,100.0,95.0
2026-06-22T15:44:04.887345,-3.4,100.0,95.0
2026-06-22T15:44:06.857810,-3.4,100.0,95.0
2026-06-22T15:44:08.876480,-3.4,100.0,95.0
2026-06-22T15:44:10.878896,-3.4,100.0,95.0
2026-06-22T15:44:12.866316,-3.4,100.0,95.0
2026-06-22T15:44:14.868004,-3.4,100.0,95.0
2026-06-22T15:44:16.854497,-3.4,100.0,95.0
2026-06-22T15:44:18.889188,-3.4,100.0,95.0
2026-06-22T15:44:20.875879,-3.4,100.0,95.0
2026-06-22T15:44:22.878091,-3.4,100.0,95.0
2026-06-22T15:44:24.864557,-3.4,100.0,95.0
2026-06-22T15:44:26.867144,-3.4,100.0,95.0
2026-06-22T15:44:28.885681,-3.4,100.0,95.0
2026-06-22T15:44:30.888225,-3.4,100.0,95.0
2026-06-22T15:44:32.874766,-3.4,100.0,95.0
2026-06-22T15:44:34.877331,-3.4,100.0,95.0
2026-06-22T15:44:36.863862,-3.4,100.0,95.0
2026-06-22T15:44:38.898312,-3.4,100.0,95.0
2026-06-22T15:44:40.852765,-3.4,100.0,95.0
2026-06-22T15:44:42.887356,-3.4,100.0,95.0
2026-06-22T15:44:44.873935,-3.4,100.0,95.0
2026-06-22T15:44:46.876471,-3.4,100.0,95.0
2026-06-22T15:44:48.863069,-3.4,100.0,95.0
2026-06-22T15:44:50.897586,-3.4,100.0,95.0
2026-06-22T15:44:52.884082,-3.4,100.0,95.0
2026-06-22T15:44:54.886543,-3.4,100.0,95.0
2026-06-22T15:44:56.873116,-3.4,100.0,95.0
2026-06-22T15:44:58.875612,-3.4,100.0,95.0
2026-06-22T15:45:00.862157,-3.4,100.0,95.0
2026-06-22T15:45:02.896900,-3.4,100.0,95.0
2026-06-22T15:45:04.915294,-3.4,100.0,95.0
2026-06-22T15:45:06.917891,-3.4,100.0,95.0
2026-06-22T15:45:08.904532,-3.4,100.0,95.0
2026-06-22T15:45:10.906849,-3.4,100.0,95.0
2026-06-22T15:45:12.925435,-3.4,100.0,95.0
2026-06-22T15:45:14.928009,-3.4,100.0,95.0
2026-06-22T15:45:16.946591,-3.4,100.0,95.0
2026-06-22T15:45:18.949097,-3.4,100.0,95.0
2026-06-22T15:45:20.935538,-3.4,100.0,95.0
2026-06-22T15:45:22.938132,-3.4,100.0,95.0
2026-06-22T15:45:24.924673,-3.4,100.0,95.0
2026-06-22T15:45:26.927270,-3.4,100.0,95.0
2026-06-22T15:45:28.945790,-3.4,100.0,95.0
2026-06-22T15:45:30.948325,-3.4,100.0,95.0
2026-06-22T15:45:32.934848,-3.4,100.0,95.0
2026-06-22T15:45:34.937365,-3.4,100.0,95.0
2026-06-22T15:45:36.956030,-3.4,100.0,95.0
2026-06-22T15:45:38.959040,-3.4,100.0,95.0
2026-06-22T15:45:40.945102,-3.4,100.0,95.0
2026-06-22T15:45:42.947646,-3.4,100.0,95.0
2026-06-22T15:45:44.966186,-3.4,100.0,95.0
2026-06-22T15:45:46.968766,-3.4,100.0,95.0
2026-06-22T15:45:48.955236,-3.4,100.0,95.0
2026-06-22T15:45:50.957813,-3.4,100.0,95.0
2026-06-22T15:45:52.944315,-3.4,100.0,95.0
2026-06-22T15:45:54.978932,-3.4,100.0,95.0
2026-06-22T15:45:56.965348,-3.4,100.0,95.0
2026-06-22T15:45:58.935854,-3.4,100.0,95.0
2026-06-22T15:46:00.954531,-3.4,100.0,95.0
2026-06-22T15:46:02.957000,-3.4,100.0,95.0
2026-06-22T15:46:04.943476,-3.4,100.0,95.0
2026-06-22T15:46:06.978080,-3.4,100.0,95.0
2026-06-22T15:46:08.964598,-3.4,100.0,95.0
2026-06-22T15:46:10.967150,-3.4,100.0,95.0
2026-06-22T15:46:12.953638,-3.4,100.0,95.0
2026-06-22T15:46:14.956273,-3.4,100.0,95.0
2026-06-22T15:46:16.942653,-3.4,100.0,95.0
2026-06-22T15:46:18.977252,-3.4,100.0,95.0
2026-06-22T15:46:20.963857,-3.4,100.0,95.0
2026-06-22T16:44:16.009693,-3.3,100.0,95.0
2026-06-22T16:44:17.995821,-3.3,100.0,95.0
2026-06-22T16:44:20.013913,-3.3,100.0,95.0
2026-06-22T16:44:21.984148,-3.3,100.0,95.0
2026-06-22T16:44:24.002408,-3.3,100.0,95.0
2026-06-22T16:44:26.004447,-3.3,100.0,95.0
2026-06-22T16:44:27.990630,-3.3,100.0,95.0
2026-06-22T16:44:29.992819,-3.3,100.0,95.0
2026-06-22T16:44:32.010972,-3.3,100.0,95.0
2026-06-22T16:44:34.013461,-3.3,100.0,95.0
2026-06-22T16:44:35.999403,-3.3,100.0,95.0
2026-06-22T16:44:38.001544,-3.3,100.0,95.0
2026-06-22T16:44:39.987692,-3.3,100.0,95.0
2026-06-22T16:44:42.021835,-3.3,100.0,95.0
2026-06-22T16:44:44.008325,-3.3,100.0,95.0
2026-06-22T16:44:45.994113,-3.3,100.0,95.0
2026-06-22T16:44:47.996232,-3.3,100.0,95.0
2026-06-22T16:44:50.014423,-3.3,100.0,95.0
2026-06-22T16:44:51.984557,-3.3,100.0,95.0
2026-06-22T16:44:54.002744,-3.3,100.0,95.0
2026-06-22T16:44:56.004886,-3.3,100.0,95.0
2026-06-22T16:44:57.991092,-3.3,100.0,95.0
2026-06-22T16:44:59.993310,-3.3,100.0,95.0
2026-06-22T16:45:02.011380,-3.3,100.0,95.0
2026-06-22T16:45:03.981514,-3.3,100.0,95.0
2026-06-22T16:45:05.999581,-3.3,100.0,95.0
2026-06-22T16:45:08.001898,-3.3,100.0,95.0
2026-06-22T16:45:09.987990,-3.3,100.0,95.0
2026-06-22T16:45:12.022240,-3.3,100.0,95.0
2026-06-22T16:45:14.008432,-3.3,100.0,95.0
2026-06-22T16:45:16.010560,-3.3,100.0,95.0
2026-06-22T16:45:17.996705,-3.3,100.0,95.0
2026-06-22T16:45:19.998859,-3.3,100.0,95.0
2026-06-22T16:45:21.985001,-3.3,100.0,95.0
2026-06-22T16:45:24.019166,-3.3,100.0,95.0
2026-06-22T16:45:26.005306,-3.3,100.0,95.0
2026-06-22T16:45:27.991371,-3.3,100.0,95.0
2026-06-22T16:45:29.993558,-3.3,100.0,95.0
2026-06-22T16:45:32.011780,-3.3,100.0,95.0
2026-06-22T16:45:34.013888,-3.3,100.0,95.0
2026-06-22T16:45:36.000066,-3.3,100.0,95.0
2026-06-22T16:45:38.002143,-3.3,100.0,95.0
2026-06-22T16:45:39.988357,-3.3,100.0,95.0
2026-06-22T16:45:42.022526,-3.3,100.0,95.0
2026-06-22T16:45:43.976596,-3.3,100.0,95.0
2026-06-22T16:45:46.010818,-3.3,100.0,95.0
2026-06-22T16:45:47.997345,-3.3,100.0,95.0
2026-06-22T16:45:49.999138,-3.3,100.0,95.0
2026-06-22T16:45:51.985234,-3.3,100.0,95.0
2026-06-22T16:45:54.003518,-3.3,100.0,95.0
2026-06-22T16:45:56.005581,-3.3,100.0,95.0
2026-06-22T16:45:57.991764,-3.3,100.0,95.0
2026-06-22T16:45:59.993922,-3.3,100.0,95.0
2026-06-22T16:46:01.980146,-3.3,100.0,95.0
2026-06-22T16:46:03.982251,-3.3,100.0,95.0
2026-06-22T16:46:06.000414,-3.3,100.0,95.0
2026-06-22T16:46:08.002551,-3.3,100.0,95.0
2026-06-22T16:46:09.988706,-3.3,100.0,95.0
2026-06-22T16:46:12.022849,-3.3,100.0,95.0
2026-06-22T16:46:14.009059,-3.3,100.0,95.0
2026-06-22T16:46:15.979203,-3.3,100.0,95.0
2026-06-22T16:46:17.997380,-3.3,100.0,95.0
2026-06-22T16:46:19.999566,-3.3,100.0,95.0
2026-06-22T16:46:21.986295,-3.3,100.0,95.0
2026-06-22T16:46:24.019898,-3.3,100.0,95.0
2026-06-22T16:46:26.006341,-3.3,100.0,95.0
2026-06-22T16:46:27.992357,-3.3,100.0,95.0
2026-06-22T16:46:29.994663,-3.3,100.0,95.0
2026-06-22T16:46:32.012517,-3.3,100.0,95.0
2026-06-22T16:46:33.982659,-3.3,100.0,95.0
2026-06-22T16:46:36.000833,-3.3,100.0,95.0
2026-06-22T16:46:38.002980,-3.3,100.0,95.0
2026-06-22T16:46:40.021197,-3.3,100.0,95.0
2026-06-22T16:46:42.023363,-3.3,100.0,95.0
2026-06-22T16:46:44.041486,-3.3,100.0,95.0
2026-06-22T16:46:46.043727,-3.3,100.0,95.0
2026-06-22T16:46:48.061876,-3.3,100.0,95.0
2026-06-22T16:46:50.031939,-3.3,100.0,95.0
2026-06-22T16:46:52.050208,-3.3,100.0,95.0
2026-06-22T16:46:54.052341,-3.3,100.0,95.0
2026-06-22T16:46:56.038665,-3.3,100.0,95.0
2026-06-22T16:46:58.072683,-3.3,100.0,95.0
2026-06-22T16:47:00.059148,-3.3,100.0,95.0
2026-06-22T16:47:02.044907,-3.3,100.0,95.0
2026-06-22T16:47:04.047087,-3.3,100.0,95.0
2026-06-22T16:47:06.049241,-3.3,100.0,95.0
2026-06-22T16:47:08.035466,-3.3,100.0,95.0
2026-06-22T16:47:10.053606,-3.3,100.0,95.0
2026-06-22T16:47:12.055663,-3.3,100.0,95.0
2026-06-22T16:47:14.041825,-3.3,100.0,95.0
2026-06-22T16:47:16.043883,-3.3,100.0,95.0
2026-06-22T16:47:18.030069,-3.3,100.0,95.0
2026-06-22T16:47:20.032238,-3.3,100.0,95.0
2026-06-22T16:47:22.050420,-3.3,100.0,95.0
2026-06-22T16:47:24.052643,-3.3,100.0,95.0
2026-06-22T16:47:26.038893,-3.3,100.0,95.0
2026-06-22T16:47:28.073285,-3.3,100.0,95.0
2026-06-22T16:47:30.059587,-3.3,100.0,95.0
2026-06-22T16:47:32.031302,-3.3,100.0,95.0
2026-06-22T16:47:34.047602,-3.3,100.0,95.0
2026-06-22T16:47:36.049747,-3.3,100.0,95.0
2026-06-22T16:47:38.035884,-3.3,100.0,95.0
2026-06-22T16:47:40.054069,-3.3,100.0,95.0
2026-06-22T16:47:42.024237,-3.3,100.0,95.0
2026-06-22T16:47:44.042383,-3.3,100.0,95.0
2026-06-22T16:47:46.044920,-3.3,100.0,95.0
2026-06-22T16:47:48.030744,-3.3,100.0,95.0
2026-06-22T16:47:50.032896,-3.3,100.0,95.0
2026-06-22T16:47:52.051042,-3.3,100.0,95.0
2026-06-22T16:47:54.053317,-3.3,100.0,95.0
2026-06-22T16:47:56.039330,-3.3,100.0,95.0
2026-06-22T16:47:58.073458,-3.3,100.0,95.0
2026-06-22T16:48:00.027702,-3.3,100.0,95.0
2026-06-22T16:48:02.061886,-3.3,100.0,95.0
2026-06-22T16:48:04.047837,-3.3,100.0,95.0
2026-06-22T16:48:06.050016,-3.3,100.0,95.0
2026-06-22T16:48:08.036246,-3.3,100.0,95.0
2026-06-22T16:48:10.070317,-3.3,100.0,95.0
2026-06-22T16:48:12.057365,-3.3,100.0,95.0
2026-06-22T16:48:14.058676,-3.3,100.0,95.0
2026-06-22T16:48:16.044732,-3.3,100.0,95.0
2026-06-22T16:48:18.078913,-3.3,100.0,95.0
2026-06-22T16:48:20.065074,-3.3,100.0,95.0
2026-06-22T16:48:22.051242,-3.3,100.0,95.0
2026-06-22T16:48:24.085422,-3.3,100.0,95.0
2026-06-22T16:48:26.071568,-3.3,100.0,95.0
2026-06-22T16:48:28.073727,-3.3,100.0,95.0
2026-06-22T16:48:30.091907,-3.3,100.0,95.0
2026-06-22T16:48:32.094136,-3.3,100.0,95.0
2026-06-22T16:48:34.080329,-3.3,100.0,95.0
2026-06-22T16:48:36.114401,-3.3,100.0,95.0
2026-06-22T16:48:38.132547,-3.3,100.0,95.0
2026-06-22T16:48:40.135060,-3.3,100.0,95.0
2026-06-22T16:48:42.120890,-3.3,100.0,95.0
2026-06-22T16:48:44.123050,-3.3,100.0,95.0
2026-06-22T16:48:46.109251,-3.3,100.0,95.0
2026-06-22T16:48:48.143416,-3.3,100.0,95.0
2026-06-22T16:48:50.129637,-3.3,100.0,95.0
2026-06-22T16:48:52.131660,-3.3,100.0,95.0
2026-06-22T16:48:54.117872,-3.3,100.0,95.0
2026-06-22T16:48:56.152083,-3.3,100.0,95.0
2026-06-22T16:48:58.106180,-3.3,100.0,95.0
2026-06-22T16:49:00.140365,-3.3,100.0,95.0
2026-06-22T16:49:02.126518,-3.3,100.0,95.0
2026-06-22T16:49:04.128696,-3.3,100.0,95.0
2026-06-22T16:49:06.115213,-3.3,100.0,95.0
2026-06-22T16:49:08.100963,-3.3,100.0,95.0
2026-06-22T16:49:10.135208,-3.3,100.0,95.0
2026-06-22T16:49:12.153294,-3.3,100.0,95.0
2026-06-22T16:49:14.123340,-3.3,100.0,95.0
2026-06-22T16:49:16.141485,-3.3,100.0,95.0
2026-06-22T16:49:18.143747,-3.3,100.0,95.0
2026-06-22T16:49:20.161880,-3.3,100.0,95.0
2026-06-22T16:49:22.164010,-3.3,100.0,95.0
2026-06-22T16:49:24.182200,-3.3,100.0,95.0
2026-06-22T16:49:26.184350,-3.3,100.0,95.0
2026-06-22T16:49:28.170532,-3.3,100.0,95.0
2026-06-22T16:49:30.172699,-3.3,100.0,95.0
2026-06-22T16:49:32.158914,-3.3,100.0,95.0
2026-06-22T16:49:34.193130,-3.3,100.0,95.0
2026-06-22T16:49:36.147431,-3.3,100.0,95.0
2026-06-22T16:49:38.181940,-3.3,100.0,95.0
2026-06-22T16:49:40.167737,-3.3,100.0,95.0
2026-06-22T16:49:42.170205,-3.3,100.0,95.0
2026-06-22T16:49:44.188109,-3.3,100.0,95.0
2026-06-22T16:49:46.190310,-3.3,100.0,95.0
2026-06-22T16:49:48.176473,-3.3,100.0,95.0
2026-06-22T16:49:50.210692,-3.3,100.0,95.0
2026-06-22T16:49:52.196810,-3.3,100.0,95.0
2026-06-22T16:49:54.198987,-3.3,100.0,95.0
2026-06-22T16:49:56.185101,-3.3,100.0,95.0
2026-06-22T16:49:58.203660,-3.3,100.0,95.0
2026-06-22T16:50:00.205456,-3.3,100.0,95.0
2026-06-22T16:50:02.191620,-3.3,100.0,95.0
2026-06-22T16:50:04.193712,-3.3,100.0,95.0
2026-06-22T16:50:06.211840,-3.3,100.0,95.0
2026-06-22T16:50:08.181954,-3.3,100.0,95.0
2026-06-22T16:50:10.200212,-3.3,100.0,95.0
2026-06-22T16:50:12.202251,-3.3,100.0,95.0
2026-06-22T16:50:14.252600,-3.3,100.0,95.0
2026-06-22T16:50:16.254959,-3.3,100.0,95.0
2026-06-22T16:50:18.241056,-3.3,100.0,95.0
2026-06-22T16:50:20.242886,-3.3,100.0,95.0
2026-06-22T16:50:22.229076,-3.3,100.0,95.0
2026-06-22T16:50:24.263218,-3.3,100.0,95.0
2026-06-22T16:50:26.249447,-3.3,100.0,95.0
2026-06-22T16:50:28.251529,-3.3,100.0,95.0
2026-06-22T16:50:30.270018,-3.3,100.0,95.0
2026-06-22T16:50:32.240426,-3.3,100.0,95.0
2026-06-22T16:50:34.258522,-3.3,100.0,95.0
2026-06-22T16:50:36.292190,-3.3,100.0,95.0
2026-06-22T16:50:38.278303,-3.3,100.0,95.0
2026-06-22T16:50:40.280483,-3.3,100.0,95.0
2026-06-22T16:50:42.298934,-3.3,100.0,95.0
2026-06-22T16:50:44.300892,-3.3,100.0,95.0
2026-06-22T16:50:46.287274,-3.3,100.0,95.0
2026-06-22T16:50:48.321211,-3.3,100.0,95.0
2026-06-22T16:50:50.275451,-3.3,100.0,95.0
2026-06-22T16:50:52.293513,-3.3,100.0,95.0
2026-06-22T16:50:54.295644,-3.3,100.0,95.0
2026-06-22T16:50:56.281906,-3.3,100.0,95.0
2026-06-22T16:50:58.284003,-3.3,100.0,95.0
2026-06-22T16:51:00.302165,-3.3,100.0,95.0
2026-06-22T16:51:02.304359,-3.3,100.0,95.0
2026-06-22T16:51:04.290431,-3.3,100.0,95.0
2026-06-22T16:51:06.292579,-3.3,100.0,95.0
2026-06-22T16:51:08.310789,-3.3,100.0,95.0
2026-06-22T16:51:10.313004,-3.3,100.0,95.0
2026-06-22T16:51:12.331133,-3.3,100.0,95.0
2026-06-22T16:51:14.333275,-3.3,100.0,95.0
2026-06-22T16:51:16.319438,-3.3,100.0,95.0
2026-06-22T16:51:18.353629,-3.3,100.0,95.0
2026-06-22T16:51:20.307789,-3.3,100.0,95.0
2026-06-22T16:51:22.342012,-3.3,100.0,95.0
2026-06-22T16:51:24.328050,-3.3,100.0,95.0
2026-06-22T16:51:26.330208,-3.3,100.0,95.0
2026-06-22T16:51:28.316365,-3.3,100.0,95.0
2026-06-22T16:51:30.350636,-3.3,100.0,95.0
2026-06-22T16:51:32.336761,-3.3,100.0,95.0
2026-06-22T16:51:34.338930,-3.3,100.0,95.0
2026-06-22T16:51:36.325133,-3.3,100.0,95.0
2026-06-22T16:51:38.311249,-3.3,100.0,95.0
2026-06-22T16:51:40.313387,-3.3,100.0,95.0
2026-06-22T16:51:42.331681,-3.3,100.0,95.0
2026-06-22T16:51:44.333767,-3.3,100.0,95.0
2026-06-22T16:51:46.319943,-3.3,100.0,95.0
2026-06-22T16:51:48.322035,-3.3,100.0,95.0
2026-06-22T16:51:50.340229,-3.3,100.0,95.0
2026-06-22T16:51:52.310438,-3.3,100.0,95.0
2026-06-22T16:51:54.328570,-3.3,100.0,95.0
2026-06-22T16:51:56.331131,-3.3,100.0,95.0
2026-06-22T16:51:58.317018,-3.3,100.0,95.0
2026-06-22T16:52:00.351202,-3.3,100.0,95.0
2026-06-22T16:52:02.305235,-3.3,100.0,95.0
2026-06-22T16:52:04.323432,-3.3,100.0,95.0
2026-06-22T16:52:06.325674,-3.3,100.0,95.0
2026-06-22T16:52:08.343781,-3.3,100.0,95.0
2026-06-22T16:52:10.314000,-3.3,100.0,95.0
2026-06-22T16:52:12.332232,-3.3,100.0,95.0
2026-06-22T16:52:14.334265,-3.3,100.0,95.0
2026-06-22T16:52:16.320590,-3.3,99.0,95.0
2026-06-22T16:52:18.322610,-3.3,99.0,95.0
2026-06-22T16:52:20.308786,-3.3,99.0,95.0
2026-06-22T16:52:22.342958,-3.3,0.0,0.0
2026-06-22T16:52:24.329127,-3.3,0.0,0.0
2026-06-22T16:52:26.331393,-3.3,0.0,0.0
2026-06-22T16:52:28.317364,-3.3,0.0,0.0
2026-06-22T16:52:30.351595,-3.3,0.0,0.0
2026-06-22T16:52:32.337745,-3.3,99.0,95.0
2026-06-22T16:52:34.339841,-3.3,99.0,95.0
2026-06-22T16:52:36.326045,-3.3,99.0,95.0
2026-06-22T16:52:38.312297,-3.3,99.0,95.0
2026-06-22T16:52:40.314416,-3.3,0.0,0.0
2026-06-22T16:52:42.332839,-3.3,0.0,0.0
2026-06-22T16:52:44.334744,-3.3,99.0,95.0
2026-06-22T16:52:46.321038,-3.3,99.0,95.0
2026-06-22T16:52:48.322916,-3.3,99.0,95.0
2026-06-22T16:52:50.341112,-3.3,99.0,95.0
2026-06-22T16:52:52.343271,-3.3,99.0,95.0
2026-06-22T16:52:54.329431,-3.3,190.0,95.0
2026-06-22T16:52:56.331590,-3.3,190.0,95.0
2026-06-22T16:52:58.317747,-3.3,190.0,95.0
2026-06-22T16:53:00.351978,-3.3,190.0,95.0
2026-06-22T16:53:02.338199,-3.3,110.0,95.0
2026-06-22T16:53:04.325059,-3.3,100.0,95.0
2026-06-22T16:53:06.326450,-3.3,100.0,95.0
2026-06-22T16:53:08.312447,-3.3,100.0,95.0
2026-06-22T16:53:10.314666,-3.3,100.0,95.0
2026-06-22T16:53:12.332880,-3.3,100.0,95.0
2026-06-22T16:53:14.335004,-3.3,100.0,95.0
2026-06-22T16:53:16.321155,-3.3,100.0,95.0
2026-06-22T16:53:18.323473,-3.3,100.0,95.0
2026-06-22T16:53:20.341495,-3.3,100.0,95.0
2026-06-22T16:53:22.343635,-3.3,100.0,95.0
2026-06-22T16:53:24.329742,-3.3,100.0,95.0
2026-06-22T16:53:26.364120,-3.3,100.0,95.0
2026-06-22T16:53:28.350167,-3.3,100.0,95.0
2026-06-22T16:53:30.352344,-3.3,100.0,95.0
2026-06-22T16:53:32.338602,-3.3,100.0,95.0
2026-06-22T16:53:34.372841,-3.3,100.0,95.0
2026-06-22T16:53:36.358761,-3.3,100.0,95.0
2026-06-22T16:53:38.360911,-3.3,100.0,95.0
2026-06-22T16:53:40.379137,-3.3,100.0,95.0
2026-06-22T16:53:42.381508,-3.3,100.0,95.0
2026-06-22T16:53:44.367522,-3.3,100.0,95.0
2026-06-22T16:53:46.401865,-3.3,100.0,95.0
2026-06-22T16:53:48.387983,-3.3,100.0,95.0
2026-06-22T16:53:50.390153,-3.3,100.0,95.0
2026-06-22T16:53:52.376264,-3.3,100.0,95.0
2026-06-22T16:53:54.394347,-3.3,100.0,95.0
2026-06-22T16:53:56.396508,-3.3,100.0,95.0
2026-06-22T16:53:58.382694,-3.3,100.0,95.0
2026-06-22T16:54:00.385143,-3.3,100.0,95.0
2026-06-22T16:54:02.371061,-3.3,100.0,95.0
2026-06-22T16:54:04.373227,-3.3,100.0,95.0
2026-06-22T16:54:06.391416,-3.3,100.0,95.0
2026-06-22T16:54:08.393551,-3.3,100.0,95.0
2026-06-22T16:54:10.379716,-3.3,100.0,95.0
2026-06-22T16:54:12.414005,-3.3,100.0,95.0
2026-06-22T16:54:14.400026,-3.3,100.0,95.0
2026-06-22T16:54:16.434261,-3.3,100.0,95.0
2026-06-22T16:54:18.388361,-3.3,100.0,95.0
2026-06-22T16:54:20.422553,-3.3,100.0,95.0
2026-06-22T16:54:22.408688,-3.3,100.0,95.0
2026-06-22T16:54:24.410820,-3.3,100.0,95.0
2026-06-22T16:54:26.428981,-3.3,100.0,95.0
2026-06-22T16:54:28.431107,-3.3,100.0,95.0
2026-06-22T16:54:30.417281,-3.3,100.0,95.0
2026-06-22T16:54:32.451478,-3.3,100.0,95.0
2026-06-22T16:54:34.405545,-3.3,100.0,95.0
2026-06-22T16:54:36.423913,-3.3,100.0,95.0
2026-06-22T16:54:38.425888,-3.3,100.0,95.0
2026-06-22T16:54:40.411982,-3.3,100.0,95.0
2026-06-22T16:54:42.414220,-3.3,100.0,95.0
2026-06-22T16:54:44.432417,-3.3,100.0,95.0
2026-06-22T16:54:46.434455,-3.3,100.0,95.0
2026-06-22T16:54:48.420638,-3.3,100.0,95.0
2026-06-22T16:54:50.422830,-3.3,100.0,95.0
2026-06-22T16:54:52.409089,-3.3,100.0,95.0
2026-06-22T16:54:54.443307,-3.3,100.0,95.0
2026-06-22T16:54:56.429358,-3.3,100.0,95.0
2026-06-22T16:54:58.431502,-3.3,100.0,95.0
2026-06-22T16:55:00.417625,-3.3,100.0,95.0
2026-06-22T16:55:02.451906,-3.3,100.0,95.0
2026-06-22T16:55:04.405951,-3.3,100.0,95.0
2026-06-22T16:55:06.424398,-3.3,100.0,95.0
2026-06-22T16:55:08.426334,-3.3,100.0,95.0
2026-06-22T16:55:10.412420,-3.3,100.0,95.0
2026-06-22T16:55:12.414607,-3.3,100.0,95.0
2026-06-22T16:55:14.432769,-3.3,100.0,95.0
2026-06-22T16:55:16.434928,-3.3,100.0,95.0
2026-06-22T16:55:18.421295,-3.3,100.0,95.0
2026-06-22T16:55:20.423280,-3.3,100.0,95.0
2026-06-22T16:55:22.409393,-3.3,100.0,95.0
2026-06-22T16:55:24.443592,-3.3,100.0,95.0
2026-06-22T16:55:26.429686,-3.3,100.0,95.0
2026-06-22T16:55:28.431999,-3.3,100.0,95.0
2026-06-22T16:55:30.418085,-3.3,100.0,95.0
2026-06-22T16:55:32.452155,-3.3,100.0,95.0
2026-06-22T16:55:34.438300,-3.3,100.0,95.0
2026-06-22T16:55:36.440531,-3.3,100.0,95.0
2026-06-22T16:55:38.458793,-3.3,100.0,95.0
2026-06-22T16:55:40.460941,-3.3,100.0,95.0
2026-06-22T16:55:42.447006,-3.3,100.0,95.0
2026-06-22T16:55:44.481465,-3.3,100.0,95.0
2026-06-22T16:55:46.467336,-3.3,100.0,95.0
2026-06-22T16:55:48.453495,-3.3,100.0,95.0
2026-06-22T16:55:50.455546,-3.3,100.0,95.0
2026-06-22T16:55:52.442031,-3.3,100.0,95.0
2026-06-22T16:55:54.443839,-3.3,100.0,95.0
2026-06-22T16:55:56.461998,-3.3,100.0,95.0
2026-06-22T16:55:58.464131,-3.3,100.0,95.0
2026-06-22T16:56:00.450224,-3.3,100.0,95.0
2026-06-22T16:56:02.452291,-3.3,100.0,95.0
2026-06-22T16:56:04.438422,-3.3,100.0,95.0
2026-06-22T16:56:06.472707,-3.3,100.0,95.0
2026-06-22T16:56:08.458853,-3.3,100.0,95.0
2026-06-22T16:56:10.461004,-3.3,100.0,95.0
2026-06-22T16:56:12.447187,-3.3,100.0,95.0
2026-06-22T16:56:14.481331,-3.3,100.0,95.0
2026-06-22T16:56:16.467595,-3.3,100.0,95.0
2026-06-22T16:56:18.453663,-3.3,100.0,95.0
2026-06-22T16:56:20.455838,-3.3,100.0,95.0
2026-06-22T16:56:22.442016,-3.3,100.0,95.0
2026-06-22T16:56:24.444087,-3.3,100.0,95.0
2026-06-22T16:57:05.820816,-3.3,100.0,95.0
2026-06-22T16:57:07.823220,-3.3,100.0,95.0
2026-06-22T16:57:09.809696,-3.3,100.0,95.0
2026-06-22T16:57:11.812297,-3.3,100.0,95.0
2026-06-22T16:57:13.798886,-3.3,100.0,95.0
2026-06-22T16:57:15.833129,-3.3,100.0,95.0
2026-06-22T16:57:17.819570,-3.3,100.0,95.0
2026-06-22T16:57:19.806096,-3.3,100.0,95.0
2026-06-22T16:57:21.808566,-3.3,100.0,95.0
2026-06-22T16:57:23.811012,-3.3,100.0,95.0
2026-06-22T16:57:25.797440,-3.3,100.0,95.0
2026-06-22T16:57:27.832061,-3.3,100.0,95.0
2026-06-22T16:57:29.818478,-3.3,100.0,95.0
2026-06-22T16:57:31.820957,-3.3,100.0,95.0
2026-06-22T16:57:33.807609,-3.3,100.0,95.0
2026-06-22T16:57:35.842006,-3.3,100.0,95.0
2026-06-22T16:57:37.828521,-3.3,100.0,95.0
2026-06-22T16:57:39.831241,-3.3,100.0,95.0
2026-06-22T16:57:41.817455,-3.3,100.0,95.0
2026-06-22T16:57:43.852118,-3.3,100.0,95.0
2026-06-22T16:57:45.838606,-3.3,100.0,95.0
2026-06-22T16:57:47.841088,-3.3,100.0,95.0
2026-06-22T16:57:49.827581,-3.3,100.0,95.0
2026-06-22T16:57:51.830142,-3.3,100.0,95.0
2026-06-22T16:57:53.816710,-3.3,100.0,95.0
2026-06-22T16:57:55.851294,-3.3,100.0,95.0
2026-06-22T16:57:57.805916,-3.3,100.0,95.0
2026-06-22T16:57:59.824209,-3.3,100.0,95.0
2026-06-22T16:58:01.826724,-3.3,100.0,95.0
2026-06-22T16:58:03.813138,-3.3,100.0,95.0
2026-06-22T16:58:05.815644,-3.3,100.0,95.0
2026-06-22T16:58:07.835785,-3.3,100.0,95.0
2026-06-22T16:58:09.836836,-3.3,100.0,95.0
2026-06-22T16:58:11.823161,-3.3,100.0,95.0
2026-06-22T16:58:13.825816,-3.3,100.0,95.0
2026-06-22T16:58:15.860272,-3.3,100.0,95.0
2026-06-22T16:58:17.846700,-3.3,100.0,95.0
2026-06-22T16:58:19.849141,-3.3,100.0,95.0
2026-06-22T16:58:21.835640,-3.3,100.0,95.0
2026-06-22T16:58:23.822278,-3.3,100.0,95.0
2026-06-22T16:58:25.856724,-3.3,100.0,95.0
2026-06-22T16:58:27.843333,-3.3,100.0,95.0
2026-06-22T16:58:29.845746,-3.3,100.0,95.0
2026-06-22T16:58:31.832230,-3.3,100.0,95.0
2026-06-22T16:58:33.834876,-3.3,100.0,95.0
2026-06-22T16:58:35.853286,-3.3,100.0,95.0
2026-06-22T16:58:37.855811,-3.3,100.0,95.0
2026-06-22T16:58:39.842258,-3.3,100.0,95.0
2026-06-22T16:58:41.844702,-3.3,100.0,95.0
2026-06-22T16:58:43.831056,-3.3,100.0,95.0
2026-06-22T16:58:45.833507,-3.3,100.0,95.0
2026-06-22T16:58:47.852099,-3.3,100.0,95.0
2026-06-22T16:58:49.854428,-3.3,100.0,95.0
2026-06-22T16:58:51.872969,-3.3,100.0,95.0
2026-06-22T16:58:53.875577,-3.3,100.0,95.0
2026-06-22T16:58:55.862704,-3.3,100.0,95.0
2026-06-22T16:58:57.864767,-3.3,100.0,95.0
2026-06-22T16:58:59.883157,-3.3,100.0,95.0
2026-06-22T16:59:01.853560,-3.3,100.0,95.0
2026-06-22T16:59:03.872088,-3.3,100.0,95.0
2026-06-22T16:59:05.874685,-3.3,100.0,95.0
2026-06-22T16:59:07.861108,-3.3,100.0,95.0
2026-06-22T16:59:09.863705,-3.3,100.0,95.0
2026-06-22T16:59:11.882204,-3.3,100.0,95.0
2026-06-22T16:59:13.884656,-3.3,100.0,95.0
2026-06-22T16:59:15.871229,-3.3,100.0,95.0
2026-06-22T16:59:17.873839,-3.3,100.0,95.0
2026-06-22T16:59:19.892223,-3.3,100.0,95.0
2026-06-22T16:59:21.894704,-3.3,100.0,95.0
2026-06-22T16:59:23.881227,-3.3,100.0,95.0
2026-06-22T16:59:25.851577,-3.3,100.0,95.0
2026-06-22T16:59:27.870094,-3.3,100.0,95.0
2026-06-22T16:59:29.872775,-3.3,100.0,95.0
2026-06-22T16:59:31.859001,-3.3,100.0,95.0
2026-06-22T16:59:33.957874,-3.3,100.0,95.0
2026-06-22T16:59:35.880025,-3.3,100.0,95.0
2026-06-22T16:59:37.882507,-3.3,100.0,95.0
2026-06-22T17:00:28.111498,-3.3,100.0,95.0
2026-06-22T17:00:30.113754,-3.3,100.0,95.0
2026-06-22T17:00:32.131987,-3.3,100.0,95.0
2026-06-22T17:00:34.134157,-3.3,100.0,95.0
2026-06-22T17:00:36.120332,-3.3,100.0,95.0
2026-06-22T17:00:38.154511,-3.3,100.0,95.0
2026-06-22T17:00:40.141022,-3.3,100.0,95.0
2026-06-22T17:00:42.110958,-3.3,100.0,95.0
2026-06-22T17:00:44.129129,-3.3,100.0,95.0
2026-06-22T17:00:46.131562,-3.3,100.0,95.0
2026-06-22T17:00:48.117515,-3.3,100.0,95.0
2026-06-22T17:00:50.152062,-3.3,100.0,95.0
2026-06-22T17:00:52.137921,-3.3,100.0,95.0
2026-06-22T17:00:54.172220,-3.3,100.0,95.0
2026-06-22T17:00:56.158580,-3.3,100.0,95.0
2026-06-22T17:00:58.160555,-3.3,100.0,95.0
2026-06-22T17:01:00.146780,-3.3,100.0,95.0
2026-06-22T17:01:02.180942,-3.3,100.0,95.0
2026-06-22T17:01:04.167232,-3.3,100.0,95.0
2026-06-22T17:01:06.153442,-3.3,100.0,95.0
2026-06-22T17:07:41.221438,-3.3,100.0,95.0
2026-06-22T17:07:43.223294,-3.3,100.0,95.0
2026-06-22T17:07:45.209007,-3.3,100.0,95.0
2026-06-22T17:07:47.274784,-3.3,100.0,95.0
2026-06-22T17:07:49.228653,-3.3,100.0,95.0
2026-06-22T17:07:51.214456,-3.3,100.0,95.0
2026-06-22T17:07:53.216376,-3.3,100.0,95.0
2026-06-22T17:07:55.234230,-3.3,100.0,95.0
2026-06-22T17:07:57.203881,-3.3,100.0,95.0
2026-06-22T17:07:59.221915,-3.3,100.0,95.0
2026-06-22T17:08:01.223608,-3.3,100.0,95.0
2026-06-22T17:08:03.241556,-3.3,100.0,95.0
2026-06-22T17:08:05.243343,-3.3,100.0,95.0
2026-06-22T17:08:07.229151,-3.3,100.0,95.0
2026-06-22T17:08:09.247086,-3.3,100.0,95.0
2026-06-22T17:08:11.248759,-3.3,100.0,95.0
2026-06-22T17:08:13.266617,-3.3,100.0,95.0
2026-06-22T17:08:15.236323,-3.3,100.0,95.0
2026-06-22T17:08:17.254064,-3.3,100.0,95.0
2026-06-22T17:08:19.255853,-3.3,100.0,95.0
2026-06-22T17:08:21.241529,-3.3,100.0,95.0
2026-06-22T17:08:23.275450,-3.3,100.0,95.0
2026-06-22T17:08:25.261056,-3.3,100.0,95.0
2026-06-22T17:08:27.262935,-3.3,100.0,95.0
2026-06-22T17:08:29.280661,-3.3,100.0,95.0
2026-06-22T17:08:31.282432,-3.3,100.0,95.0
2026-06-22T17:08:33.268334,-3.3,100.0,95.0
2026-06-22T17:08:35.286058,-3.3,100.0,95.0
2026-06-22T17:08:37.287830,-3.3,100.0,95.0
2026-06-22T17:08:39.273450,-3.3,100.0,95.0
2026-06-22T17:08:41.275310,-3.3,100.0,95.0
2026-06-22T17:08:43.261273,-3.3,100.0,95.0
2026-06-22T17:08:45.294784,-3.3,100.0,95.0
2026-06-22T17:08:47.281252,-3.3,100.0,95.0
2026-06-22T17:08:49.314394,-3.3,100.0,95.0
2026-06-22T17:08:51.268216,-3.3,100.0,95.0
2026-06-22T17:08:53.285985,-3.3,100.0,95.0
2026-06-22T17:08:55.287794,-3.3,100.0,95.0
2026-06-22T17:08:57.273576,-3.3,100.0,95.0
2026-06-22T17:08:59.275330,-3.3,100.0,95.0
2026-06-22T17:09:01.293489,-3.3,100.0,95.0
2026-06-22T17:09:03.295041,-3.3,100.0,95.0
2026-06-22T17:09:05.280925,-3.3,100.0,95.0
2026-06-22T17:09:07.314537,-3.3,100.0,95.0
2026-06-22T17:09:09.300243,-3.3,100.0,95.0
2026-06-22T17:09:11.302356,-3.3,100.0,95.0
2026-06-22T17:09:13.287750,-3.3,100.0,95.0
2026-06-22T17:09:15.305615,-3.3,100.0,95.0
2026-06-22T17:09:17.307387,-3.3,100.0,95.0
2026-06-22T17:09:19.293177,-3.3,100.0,95.0
2026-06-22T17:09:21.294926,-3.3,100.0,95.0
2026-06-22T17:09:23.312735,-3.3,100.0,95.0
2026-06-22T17:09:25.314438,-3.3,100.0,95.0
2026-06-22T17:09:27.300225,-3.3,100.0,95.0
2026-06-22T17:09:29.334016,-3.3,100.0,95.0
2026-06-22T17:09:31.383839,-3.3,100.0,95.0
2026-06-22T17:09:33.305737,-3.3,100.0,95.0
2026-06-22T17:09:35.307333,-3.3,100.0,95.0
2026-06-22T17:09:37.437485,-3.3,100.0,95.0
2026-06-22T17:09:39.326950,-3.3,100.0,95.0
2026-06-22T17:09:41.361662,-3.3,100.0,95.0
2026-06-22T17:09:43.346753,-3.3,100.0,95.0
2026-06-22T17:09:45.332743,-3.3,100.0,95.0
2026-06-22T17:09:47.366069,-3.3,100.0,95.0
2026-06-22T17:09:49.352090,-3.3,100.0,95.0
2026-06-22T17:09:51.354041,-3.3,100.0,95.0
2026-06-22T17:09:53.451660,-3.3,100.0,95.0
2026-06-22T17:09:55.357634,-3.3,100.0,95.0
2026-06-22T17:09:57.359400,-3.3,100.0,95.0
2026-06-22T17:09:59.377894,-3.3,100.0,95.0
2026-06-22T17:10:01.379406,-3.3,100.0,95.0
2026-06-22T17:10:03.381503,-3.3,100.0,95.0
2026-06-22T17:10:05.398884,-3.3,100.0,95.0
2026-06-22T17:10:07.384595,-3.3,100.0,95.0
2026-06-22T17:10:09.386335,-3.3,100.0,95.0
2026-06-22T17:10:11.404188,-3.3,100.0,95.0
2026-06-22T17:10:13.406213,-3.3,100.0,95.0
2026-06-22T17:10:15.392052,-3.3,100.0,95.0
2026-06-22T17:10:17.425636,-3.3,100.0,95.0
2026-06-22T17:10:19.411370,-3.3,100.0,95.0
2026-06-22T17:10:21.397562,-3.3,100.0,95.0
2026-06-22T17:10:23.399093,-3.3,100.0,95.0
2026-06-22T17:10:25.432828,-3.3,100.0,95.0
2026-06-22T17:10:27.418798,-3.3,100.0,95.0
2026-06-22T17:10:29.436591,-3.3,100.0,95.0
2026-06-22T17:10:31.406445,-3.3,100.0,95.0
2026-06-22T17:10:33.424307,-3.3,100.0,95.0
2026-06-22T17:10:35.425962,-3.3,100.0,95.0
2026-06-22T17:10:37.443694,-3.3,100.0,95.0
2026-06-22T17:11:08.131750,-3.3,100.0,95.0
2026-06-22T17:11:10.165652,-3.3,100.0,95.0
2026-06-22T17:11:12.151807,-3.3,100.0,95.0
2026-06-22T17:11:14.153414,-3.3,100.0,95.0
2026-06-22T17:11:16.139169,-3.3,100.0,95.0
2026-06-22T17:11:18.156933,-3.3,100.0,95.0
2026-06-22T17:11:20.126747,-3.3,100.0,95.0
2026-06-22T17:11:22.144712,-3.3,100.0,95.0
2026-06-22T17:11:24.146663,-3.3,100.0,95.0
2026-06-22T17:11:26.132128,-3.3,100.0,95.0
2026-06-22T17:11:28.166082,-3.3,100.0,95.0
2026-06-22T17:11:30.151853,-3.3,100.0,95.0
2026-06-22T17:11:32.153547,-3.3,100.0,95.0
2026-06-22T17:11:34.139366,-3.3,100.0,95.0
2026-06-22T17:11:36.157639,-3.3,100.0,95.0
2026-06-22T17:11:38.158993,-3.3,100.0,95.0
2026-06-22T17:11:40.160929,-3.3,100.0,95.0
2026-06-22T17:11:42.146557,-3.3,100.0,95.0
2026-06-22T17:11:44.132493,-3.3,100.0,95.0
2026-06-22T17:11:46.166268,-3.3,100.0,95.0
2026-06-22T17:11:48.152009,-3.3,100.0,95.0
2026-06-22T17:11:50.153929,-3.3,100.0,95.0
2026-06-22T17:11:52.171729,-3.3,100.0,95.0
2026-06-22T17:11:54.174067,-3.3,100.0,95.0
2026-06-22T17:11:56.159416,-3.3,100.0,95.0
2026-06-22T17:11:58.193302,-3.3,100.0,95.0
2026-06-22T17:12:00.178863,-3.3,100.0,95.0
2026-06-22T17:12:02.164683,-3.3,100.0,95.0
2026-06-22T17:12:04.166519,-3.3,100.0,95.0
2026-06-22T17:12:06.184432,-3.3,100.0,95.0
2026-06-22T17:12:08.186154,-3.3,100.0,95.0
2026-06-22T17:12:10.172069,-3.3,100.0,95.0
2026-06-22T17:12:12.205803,-3.3,100.0,95.0
2026-06-22T17:12:14.191657,-3.3,100.0,95.0
2026-06-22T17:12:16.225327,-3.3,100.0,95.0
2026-06-22T17:12:18.210982,-3.3,100.0,95.0
2026-06-22T17:12:20.212883,-3.3,100.0,95.0
2026-06-22T17:12:22.198572,-3.3,100.0,95.0
2026-06-22T17:12:24.216903,-3.3,100.0,95.0
2026-06-22T17:12:26.218310,-3.3,100.0,95.0
2026-06-22T17:12:28.204086,-3.3,100.0,95.0
2026-06-22T17:12:30.205905,-3.3,100.0,95.0
2026-06-22T17:12:32.191700,-3.3,100.0,95.0
2026-06-22T17:12:34.225489,-3.3,100.0,95.0
2026-06-22T17:12:36.211485,-3.3,100.0,95.0
2026-06-22T17:12:38.213310,-3.3,100.0,95.0
2026-06-22T17:12:40.198689,-3.3,100.0,95.0
2026-06-22T17:12:42.184384,-3.3,100.0,95.0
2026-06-22T17:12:44.186300,-3.3,100.0,95.0
2026-06-22T17:12:46.211400,-3.3,100.0,95.0
2026-06-22T17:12:48.205747,-3.3,100.0,95.0
2026-06-22T17:12:50.191484,-3.3,100.0,95.0
2026-06-22T17:12:52.225195,-3.3,100.0,95.0
2026-06-22T17:12:54.210925,-3.3,100.0,95.0
2026-06-22T17:12:56.196745,-3.3,100.0,95.0
2026-06-22T17:12:58.198578,-3.3,100.0,95.0
2026-06-22T17:13:00.216312,-3.3,100.0,95.0
2026-06-22T17:13:02.218307,-3.3,100.0,95.0
2026-06-22T17:13:04.204033,-3.3,100.0,95.0
2026-06-22T17:13:06.237885,-3.3,100.0,95.0
2026-06-22T17:13:08.255691,-3.3,100.0,95.0
2026-06-22T17:13:10.225465,-3.3,100.0,95.0
2026-06-22T17:13:12.243264,-3.3,100.0,95.0
2026-06-22T17:13:14.277209,-3.3,100.0,95.0
2026-06-22T17:13:16.263029,-3.3,100.0,95.0
2026-06-22T17:13:18.264632,-3.3,100.0,95.0
2026-06-22T17:13:20.282525,-3.3,100.0,95.0
2026-06-22T17:13:22.284246,-3.3,100.0,95.0
2026-06-22T17:13:24.302026,-3.3,100.0,95.0
2026-06-22T17:13:26.303831,-3.3,100.0,95.0
2026-06-22T17:13:28.289737,-3.3,100.0,95.0
2026-06-22T17:13:30.323414,-3.3,100.0,95.0
2026-06-22T17:13:32.309294,-3.3,100.0,95.0
2026-06-22T17:13:34.295093,-3.3,100.0,95.0
2026-06-22T17:13:36.296944,-3.3,100.0,95.0
2026-06-22T17:13:38.282717,-3.3,100.0,95.0
2026-06-22T17:13:40.284489,-3.3,100.0,95.0
2026-06-22T17:13:42.302364,-3.3,100.0,95.0
2026-06-22T17:13:44.304393,-3.3,100.0,95.0
2026-06-22T17:13:46.321843,-3.3,100.0,95.0
2026-06-22T17:13:48.323671,-3.3,100.0,95.0
2026-06-22T17:13:50.341486,-3.3,100.0,95.0
2026-06-22T17:13:52.311319,-3.3,100.0,95.0
2026-06-22T17:13:54.297057,-3.3,100.0,95.0
2026-06-22T17:13:56.315389,-3.3,100.0,95.0
2026-06-22T17:13:58.317116,-3.3,100.0,95.0
2026-06-22T17:14:00.335109,-3.3,100.0,95.0
2026-06-22T17:14:02.337080,-3.3,100.0,95.0
2026-06-22T17:14:04.354774,-3.3,100.0,95.0
2026-06-22T17:14:06.356573,-3.3,100.0,95.0
2026-06-22T17:14:08.342278,-3.3,100.0,95.0
2026-06-22T17:14:10.344016,-3.3,100.0,95.0
2026-06-22T17:14:12.361847,-3.3,100.0,95.0
2026-06-22T17:14:14.347536,-3.3,100.0,95.0
2026-06-22T17:14:16.349378,-3.3,100.0,95.0
2026-06-22T17:14:18.351215,-3.3,100.0,95.0
2026-06-22T17:14:20.337005,-3.3,100.0,95.0
2026-06-22T17:14:22.354907,-3.3,100.0,95.0
2026-06-22T17:14:24.356711,-3.3,100.0,95.0
2026-06-22T17:14:26.374542,-3.3,100.0,95.0
2026-06-22T17:14:28.376497,-3.3,100.0,95.0
2026-06-22T17:14:30.394288,-3.3,100.0,95.0
2026-06-22T17:14:32.364047,-3.3,100.0,95.0
2026-06-22T17:14:34.382105,-3.3,100.0,95.0
2026-06-22T17:14:36.383553,-3.3,100.0,95.0
2026-06-22T17:14:38.369401,-3.3,100.0,95.0
2026-06-22T17:14:40.403746,-3.3,100.0,95.0
2026-06-22T17:14:42.389159,-3.3,100.0,95.0
2026-06-22T17:14:44.374939,-3.3,100.0,95.0
2026-06-22T17:14:46.376667,-3.3,100.0,95.0
2026-06-22T17:14:48.362449,-3.3,100.0,95.0
2026-06-22T17:14:50.396399,-3.3,100.0,95.0
2026-06-22T17:14:52.382108,-3.3,100.0,95.0
2026-06-22T17:14:54.383869,-3.3,100.0,95.0
2026-06-22T17:14:56.369588,-3.3,100.0,95.0
2026-06-22T17:14:58.387347,-3.3,100.0,95.0
2026-06-22T17:15:00.357212,-3.3,100.0,95.0
2026-06-22T17:15:02.374870,-3.3,100.0,95.0
2026-06-22T17:15:04.376714,-3.3,100.0,95.0
2026-06-22T17:15:06.362591,-3.3,100.0,95.0
2026-06-22T17:15:08.396404,-3.3,100.0,95.0
2026-06-22T17:15:10.382222,-3.3,100.0,95.0
2026-06-22T17:15:12.383932,-3.3,100.0,95.0
2026-06-22T17:15:14.369755,-3.3,100.0,95.0
2026-06-22T17:15:16.435600,-3.3,100.0,95.0
2026-06-22T17:15:18.389380,-3.3,100.0,95.0
2026-06-22T17:15:20.455374,-3.3,100.0,95.0
2026-06-22T17:15:22.409061,-3.3,100.0,95.0
2026-06-22T17:15:24.442886,-3.3,100.0,95.0
2026-06-22T17:15:26.428658,-3.3,100.0,95.0
2026-06-22T17:15:28.414587,-3.3,100.0,95.0
2026-06-22T17:15:30.416314,-3.3,100.0,95.0
2026-06-22T17:15:32.434136,-3.3,100.0,95.0
2026-06-22T17:15:34.435915,-3.3,100.0,95.0
2026-06-22T17:15:36.421667,-3.3,100.0,95.0
2026-06-22T17:15:38.423404,-3.3,100.0,95.0
2026-06-22T17:15:40.409639,-3.3,100.0,95.0
2026-06-22T17:15:42.427038,-3.3,100.0,95.0
2026-06-22T17:15:44.428955,-3.3,100.0,95.0
2026-06-22T17:15:46.414570,-3.3,100.0,95.0
2026-06-22T17:15:48.416326,-3.3,100.0,95.0
2026-06-22T17:15:50.402156,-3.3,100.0,95.0
2026-06-22T17:15:52.435964,-3.3,100.0,95.0
2026-06-22T17:15:54.421755,-3.3,100.0,95.0
2026-06-22T17:15:56.423545,-3.3,100.0,95.0
2026-06-22T17:15:58.409364,-3.3,100.0,95.0
2026-06-22T17:16:00.443202,-3.3,100.0,95.0
2026-06-22T17:16:02.429011,-3.3,100.0,95.0
2026-06-22T17:16:04.414806,-3.3,100.0,95.0
2026-06-22T17:16:06.416611,-3.3,100.0,95.0
2026-06-22T17:16:08.434507,-3.3,100.0,95.0
2026-06-22T17:16:10.436193,-3.3,100.0,95.0
2026-06-22T17:16:12.422059,-3.3,100.0,95.0
2026-06-22T17:16:14.423766,-3.3,100.0,95.0
2026-06-22T17:16:16.409727,-3.3,100.0,95.0
2026-06-22T17:16:18.443411,-3.3,100.0,95.0
2026-06-22T17:16:20.429084,-3.3,100.0,95.0
2026-06-22T17:16:22.414921,-3.3,100.0,95.0
2026-06-22T17:16:24.416644,-3.3,100.0,95.0
2026-06-22T17:16:26.434579,-3.3,100.0,95.0
2026-06-22T17:16:28.436305,-3.3,100.0,95.0
2026-06-22T17:16:30.486168,-3.3,100.0,95.0
2026-06-22T17:16:32.423855,-3.3,100.0,95.0
2026-06-22T17:16:34.409731,-3.3,100.0,95.0
2026-06-22T17:16:36.443601,-3.3,100.0,95.0
2026-06-22T17:16:38.429247,-3.3,100.0,95.0
2026-06-22T17:16:40.414917,-3.3,100.0,95.0
2026-06-22T17:16:42.416752,-3.3,100.0,95.0
2026-06-22T17:16:44.434520,-3.3,100.0,95.0
2026-06-22T17:16:46.436320,-3.3,100.0,95.0
2026-06-22T17:16:48.422139,-3.3,100.0,95.0
2026-06-22T17:16:50.423957,-3.3,100.0,95.0
2026-06-22T17:16:52.409641,-3.3,100.0,95.0
2026-06-22T17:16:54.443433,-3.3,100.0,95.0
2026-06-22T17:16:56.429235,-3.3,100.0,95.0
2026-06-22T17:16:58.447063,-3.3,100.0,95.0
2026-06-22T17:17:00.448866,-3.3,100.0,95.0
2026-06-22T17:17:02.466980,-3.3,100.0,95.0
2026-06-22T17:17:04.436482,-3.3,100.0,95.0
2026-06-22T17:17:06.454130,-3.3,100.0,95.0
2026-06-22T17:17:08.456020,-3.3,100.0,95.0
2026-06-22T17:17:10.473855,-3.3,100.0,95.0
2026-06-22T17:17:12.475589,-3.3,100.0,95.0
2026-06-22T17:17:14.493251,-3.3,100.0,95.0
2026-06-22T17:17:16.495256,-3.3,100.0,95.0
2026-06-22T17:17:18.512880,-3.3,100.0,95.0
2026-06-22T17:17:20.482504,-3.3,100.0,95.0
2026-06-22T17:17:22.500561,-3.3,100.0,95.0
2026-06-22T17:17:24.502158,-3.3,100.0,95.0
2026-06-22T17:17:26.519883,-3.3,100.0,95.0
2026-06-22T17:17:28.505609,-3.3,100.0,95.0
2026-06-22T17:17:30.507467,-3.3,100.0,95.0
2026-06-22T17:17:32.493144,-3.3,100.0,95.0
2026-06-22T17:17:34.526925,-3.3,100.0,95.0
2026-06-22T17:17:36.545349,-3.3,100.0,95.0
2026-06-22T17:17:38.546419,-3.3,100.0,95.0
2026-06-22T17:17:40.532120,-3.3,100.0,95.0
2026-06-22T17:17:42.533822,-3.3,100.0,95.0
2026-06-22T17:17:44.519634,-3.3,100.0,95.0
2026-06-22T17:17:46.537652,-3.3,100.0,95.0
2026-06-22T17:17:48.539823,-3.3,100.0,95.0
2026-06-22T17:17:50.525142,-3.3,100.0,95.0
2026-06-22T17:17:52.527497,-3.3,100.0,95.0
2026-06-22T17:17:54.544671,-3.3,100.0,95.0
2026-06-22T17:17:56.546800,-3.3,100.0,95.0
2026-06-22T17:17:58.564508,-3.3,100.0,95.0
2026-06-22T17:18:00.566301,-3.3,100.0,95.0
2026-06-22T17:18:02.551964,-3.3,100.0,95.0
2026-06-22T17:18:04.610429,-3.3,100.0,95.0
2026-06-22T17:18:06.571417,-3.3,100.0,95.0
2026-06-22T17:18:08.573253,-3.3,100.0,95.0
2026-06-22T17:18:10.558776,-3.3,100.0,95.0
2026-06-22T17:18:12.544819,-3.3,100.0,95.0
2026-06-22T17:18:14.546333,-3.3,100.0,95.0
2026-06-22T17:18:16.564118,-3.3,100.0,95.0
2026-06-22T17:18:18.565900,-3.3,100.0,95.0
2026-06-22T17:18:20.583675,-3.3,100.0,95.0
2026-06-22T17:18:22.585466,-3.3,100.0,95.0
2026-06-22T17:18:24.603467,-3.3,100.0,95.0
2026-06-22T17:18:26.573206,-3.3,100.0,95.0
2026-06-22T17:18:28.590731,-3.3,100.0,95.0
2026-06-22T17:18:30.592563,-3.3,100.0,95.0
2026-06-22T17:18:32.610322,-3.3,100.0,95.0
2026-06-22T17:18:34.628103,-3.3,100.0,95.0
2026-06-22T17:18:36.629814,-3.3,100.0,95.0
2026-06-22T17:18:38.631579,-3.3,100.0,95.0
2026-06-22T17:18:40.617476,-3.3,100.0,95.0
2026-06-22T17:18:42.635384,-3.4,100.0,95.0
2026-06-22T17:18:44.605002,-3.4,100.0,95.0
2026-06-22T17:18:46.622745,-3.4,100.0,95.0
2026-06-22T17:18:48.656631,-3.4,100.0,95.0
2026-06-22T17:18:50.611040,-3.4,100.0,95.0
2026-06-22T17:18:52.644555,-3.4,100.0,95.0
2026-06-22T17:18:54.630114,-3.4,100.0,95.0
2026-06-22T17:18:56.631876,-3.4,100.0,95.0
2026-06-22T17:18:58.649751,-3.4,100.0,95.0
2026-06-22T17:19:00.604359,-3.4,100.0,95.0
2026-06-22T17:19:02.637357,-3.4,100.0,95.0
2026-06-22T17:19:04.623201,-3.4,100.0,95.0
2026-06-22T17:19:06.624890,-3.4,100.0,95.0
2026-06-22T17:19:08.610693,-3.4,100.0,95.0
2026-06-22T17:19:10.644568,-3.4,100.0,95.0
2026-06-22T17:19:12.630417,-3.4,100.0,95.0
2026-06-22T17:19:14.633148,-3.4,100.0,95.0
2026-06-22T17:19:16.618000,-3.4,100.0,95.0
2026-06-22T17:19:18.603736,-3.4,100.0,95.0
2026-06-22T17:19:20.637502,-3.4,100.0,95.0
2026-06-22T17:19:22.623374,-3.4,100.0,95.0
2026-06-22T17:19:24.625155,-3.4,100.0,95.0
2026-06-22T17:19:26.610887,-3.4,100.0,95.0
2026-06-22T17:19:28.644729,-3.4,100.0,95.0
2026-06-22T17:19:30.630557,-3.4,100.0,95.0
2026-06-22T17:19:32.664244,-3.4,100.0,95.0
2026-06-22T17:19:34.682023,-3.4,100.0,95.0
2026-06-22T17:19:36.683863,-3.4,100.0,95.0
2026-06-22T17:19:38.669847,-3.4,100.0,95.0
2026-06-22T17:19:40.687507,-3.4,100.0,95.0
2026-06-22T17:19:42.657389,-3.4,100.0,95.0
2026-06-22T17:19:44.675001,-3.4,100.0,95.0
2026-06-22T17:19:46.676770,-3.4,100.0,95.0
2026-06-22T17:19:48.662475,-3.4,100.0,95.0
2026-06-22T17:19:50.696266,-3.4,100.0,95.0
2026-06-22T17:19:52.650050,-3.4,100.0,95.0
2026-06-22T17:19:54.683848,-3.4,100.0,95.0
2026-06-22T17:19:56.669672,-3.4,100.0,95.0
2026-06-22T17:19:58.671835,-3.4,100.0,95.0
2026-06-22T17:20:00.657730,-3.4,100.0,95.0
2026-06-22T17:20:02.675421,-3.4,100.0,95.0
2026-06-22T17:20:04.677326,-3.4,100.0,95.0
2026-06-22T17:20:06.662973,-3.4,100.0,95.0
2026-06-22T17:20:08.696832,-3.4,100.0,95.0
2026-06-22T17:20:10.650749,-3.4,100.0,95.0
2026-06-22T17:20:12.684477,-3.4,100.0,95.0
2026-06-22T17:20:14.670226,-3.4,100.0,95.0
2026-06-22T17:20:16.687940,-3.4,100.0,95.0
2026-06-22T17:20:18.689745,-3.4,100.0,95.0
2026-06-22T17:20:20.675573,-3.4,100.0,95.0
2026-06-22T17:20:22.677366,-3.4,100.0,95.0
2026-06-22T17:20:24.695133,-3.4,100.0,95.0
2026-06-22T17:20:26.696764,-3.4,100.0,95.0
2026-06-22T17:20:28.714512,-3.4,100.0,95.0
2026-06-22T17:20:30.716330,-3.4,100.0,95.0
2026-06-22T17:20:32.702001,-3.4,100.0,95.0
2026-06-22T17:20:34.735863,-3.4,100.0,95.0
2026-06-22T17:20:36.689819,-3.4,100.0,95.0
2026-06-22T17:20:38.723443,-3.4,100.0,95.0
2026-06-22T17:20:40.709229,-3.4,100.0,95.0
2026-06-22T17:20:42.695242,-3.4,100.0,95.0
2026-06-22T17:20:44.696798,-3.4,100.0,95.0
2026-06-22T17:20:46.682530,-3.4,100.0,95.0
2026-06-22T17:20:48.716546,-3.4,100.0,95.0
2026-06-22T17:20:50.702145,-3.4,100.0,95.0
2026-06-22T17:20:52.703862,-3.4,100.0,95.0
2026-06-22T17:20:54.721662,-3.4,100.0,95.0
2026-06-22T17:20:56.723716,-3.4,100.0,95.0
2026-06-22T17:20:58.741342,-3.4,100.0,95.0
2026-06-22T17:21:00.743117,-3.4,100.0,95.0
2026-06-22T17:21:02.760990,-3.4,100.0,95.0
2026-06-22T17:21:04.762704,-3.4,100.0,95.0
2026-06-22T17:21:06.748635,-3.4,100.0,95.0
2026-06-22T17:21:08.766335,-3.4,100.0,95.0
2026-06-22T17:21:10.768122,-3.4,100.0,95.0
2026-06-22T17:21:12.753955,-3.4,100.0,95.0
2026-06-22T17:21:14.755574,-3.4,100.0,95.0
2026-06-22T17:21:16.773383,-3.4,100.0,95.0
2026-06-22T17:21:18.775260,-3.4,100.0,95.0
2026-06-22T17:21:20.793121,-3.4,100.0,95.0
2026-06-22T17:21:22.827164,-3.4,100.0,95.0
2026-06-22T17:21:24.812615,-3.4,100.0,95.0
2026-06-22T17:21:26.798519,-3.4,100.0,95.0
2026-06-22T17:21:28.800192,-3.4,100.0,95.0
2026-06-22T17:21:30.802046,-3.4,100.0,95.0
2026-06-22T17:21:32.787763,-3.4,100.0,95.0
2026-06-22T17:21:34.805651,-3.4,100.0,95.0
2026-06-22T17:21:36.807417,-3.4,100.0,95.0
2026-06-22T17:21:38.793151,-3.4,100.0,95.0
2026-06-22T17:21:40.827007,-3.4,100.0,95.0
2026-06-22T17:21:42.812758,-3.4,100.0,95.0
2026-06-22T17:21:44.798519,-3.4,100.0,95.0
2026-06-22T17:21:46.800353,-3.4,100.0,95.0
2026-06-22T17:21:48.802115,-3.4,100.0,95.0
2026-06-22T17:21:50.787765,-3.4,100.0,95.0
2026-06-22T17:21:52.805732,-3.4,100.0,95.0
2026-06-22T17:21:54.775217,-3.4,100.0,95.0
2026-06-22T17:21:56.793040,-3.4,100.0,95.0
2026-06-22T17:21:58.826708,-3.4,100.0,95.0
2026-06-22T17:22:00.812445,-3.4,100.0,95.0
2026-06-22T17:22:02.846407,-3.4,100.0,95.0
2026-06-22T17:22:04.831997,-3.4,100.0,95.0
2026-06-22T17:22:06.817755,-3.4,100.0,95.0
2026-06-22T17:22:08.819580,-3.4,100.0,95.0
2026-06-22T17:22:10.805401,-3.4,100.0,95.0
2026-06-22T17:22:12.807186,-3.4,100.0,95.0
2026-06-22T17:22:14.793164,-3.4,100.0,95.0
2026-06-22T17:22:16.826763,-3.4,100.0,95.0
2026-06-22T17:22:18.844552,-3.4,100.0,95.0
2026-06-22T17:22:20.846120,-3.4,100.0,95.0
2026-06-22T17:22:22.864320,-3.4,100.0,95.0
2026-06-22T17:22:24.865871,-3.4,100.0,95.0
2026-06-22T17:22:26.851607,-3.4,100.0,95.0
2026-06-22T17:22:28.885413,-3.4,100.0,95.0
2026-06-22T17:22:30.871181,-3.4,100.0,95.0
2026-06-22T17:22:32.872976,-3.4,100.0,95.0
2026-06-22T17:22:34.890701,-3.4,100.0,95.0
2026-06-22T17:22:36.892644,-3.4,100.0,95.0
2026-06-22T17:22:38.878434,-3.4,100.0,95.0
2026-06-22T17:22:40.864474,-3.4,100.0,95.0
2026-06-22T17:22:42.865919,-3.3,100.0,95.0
2026-06-22T17:22:44.851862,-3.3,100.0,95.0
2026-06-22T17:22:46.885767,-3.3,100.0,95.0
2026-06-22T17:22:48.871423,-3.3,100.0,95.0
2026-06-22T17:22:50.873166,-3.3,100.0,95.0
2026-06-22T17:22:52.891051,-3.3,100.0,95.0
2026-06-22T17:22:54.892825,-3.3,100.0,95.0
2026-06-22T17:22:56.878582,-3.3,100.0,95.0
2026-06-22T17:22:58.896281,-3.3,100.0,95.0
2026-06-22T17:23:00.866001,-3.3,100.0,95.0
2026-06-22T17:23:02.884028,-3.3,100.0,95.0
2026-06-22T17:23:04.886088,-3.3,100.0,95.0
2026-06-22T17:23:06.871398,-3.3,100.0,95.0
2026-06-22T17:23:08.905262,-3.3,100.0,95.0
2026-06-22T17:23:10.890911,-3.3,100.0,95.0
2026-06-22T17:23:12.925035,-3.3,100.0,95.0
2026-06-22T17:23:14.910490,-3.3,100.0,95.0
2026-06-22T17:23:16.912237,-3.3,100.0,95.0
2026-06-22T17:23:18.930595,-3.3,100.0,95.0
2026-06-22T17:23:20.931822,-3.3,100.0,95.0
2026-06-22T17:23:22.917677,-3.3,100.0,95.0
2026-06-22T17:23:44.072514,-3.3,100.0,95.0
2026-06-22T17:23:46.106809,-3.3,100.0,95.0
2026-06-22T17:23:48.061169,-3.3,100.0,95.0
2026-06-22T17:23:50.095247,-3.3,100.0,95.0
2026-06-22T17:23:52.081389,-3.3,100.0,95.0
2026-06-22T17:23:54.084613,-3.3,100.0,95.0
2026-06-22T17:23:56.070014,-3.3,100.0,95.0
2026-06-22T17:23:58.087925,-3.3,100.0,95.0
2026-06-22T17:24:00.090309,-3.3,100.0,95.0
2026-06-22T17:24:02.076351,-3.3,100.0,95.0
2026-06-22T17:24:04.078864,-3.3,100.0,95.0
2026-06-22T17:24:06.240906,-3.3,100.0,95.0
2026-06-22T17:24:08.067046,-3.3,100.0,95.0
2026-06-22T17:24:10.053114,-3.3,100.0,95.0
2026-06-22T17:24:12.087404,-3.3,100.0,95.0
2026-06-22T17:24:14.073522,-3.3,100.0,95.0
2026-06-22T17:24:16.075751,-3.3,100.0,95.0
2026-06-22T17:24:18.062048,-3.3,100.0,95.0
2026-06-22T17:24:20.096231,-3.3,100.0,95.0
2026-06-22T17:24:22.082294,-3.3,100.0,95.0
2026-06-22T17:24:24.084506,-3.3,100.0,95.0
2026-06-22T17:24:26.070786,-3.3,100.0,95.0
2026-06-22T17:24:28.104987,-3.3,100.0,95.0
2026-06-22T17:24:30.091146,-3.3,100.0,95.0
2026-06-22T17:24:32.125396,-3.3,100.0,95.0
2026-06-22T17:24:34.079605,-3.3,100.0,95.0
2026-06-22T17:24:36.113857,-3.3,100.0,95.0
2026-06-22T17:24:38.100010,-3.3,100.0,95.0
2026-06-22T17:24:58.013442,-3.3,100.0,95.0
2026-06-22T17:25:00.031267,-3.3,100.0,95.0
2026-06-22T17:25:02.017162,-3.3,100.0,95.0
2026-06-22T17:25:04.018746,-3.3,100.0,95.0
2026-06-22T17:25:06.004598,-3.3,100.0,95.0
2026-06-22T17:25:08.006396,-3.3,100.0,95.0
2026-06-22T17:25:10.024396,-3.3,100.0,95.0
2026-06-22T17:25:12.026062,-3.3,100.0,95.0
2026-06-22T17:25:14.011932,-3.3,100.0,95.0
2026-06-22T17:25:16.013494,-3.3,100.0,95.0
2026-06-22T17:25:17.999488,-3.3,100.0,95.0
2026-06-22T17:25:20.033136,-3.3,100.0,95.0
2026-06-22T17:25:22.019039,-3.3,100.0,95.0
2026-06-22T17:25:24.004552,-3.3,100.0,95.0
2026-06-22T17:25:26.006479,-3.3,100.0,95.0
2026-06-22T17:25:28.024124,-3.3,100.0,95.0
2026-06-22T17:25:30.025845,-3.3,100.0,95.0
2026-06-22T17:25:32.076100,-3.3,100.0,95.0
2026-06-22T17:25:34.045596,-3.3,100.0,95.0
2026-06-22T17:25:36.383574,-3.3,100.0,95.0
2026-06-22T17:25:38.033215,-3.3,100.0,95.0
2026-06-22T17:25:40.018805,-3.3,100.0,95.0
2026-06-22T17:25:42.053109,-3.3,100.0,95.0
2026-06-22T17:25:44.038353,-3.3,100.0,95.0
2026-06-22T17:25:46.056543,-3.3,100.0,95.0
2026-06-22T17:25:48.058007,-3.3,100.0,95.0
2026-06-22T17:25:50.043738,-3.3,100.0,95.0
2026-06-22T17:25:52.045726,-3.3,100.0,95.0
2026-06-22T17:25:54.031351,-3.3,100.0,95.0
2026-06-22T17:25:56.065129,-3.3,100.0,95.0
2026-06-22T17:25:58.051054,-3.3,100.0,95.0
2026-06-22T17:26:00.084611,-3.3,100.0,95.0
2026-06-22T17:26:02.070598,-3.3,100.0,95.0
2026-06-22T17:26:04.056290,-3.3,100.0,95.0
2026-06-22T17:26:06.058009,-3.3,100.0,95.0
2026-06-22T17:26:08.043902,-3.3,100.0,95.0
2026-06-22T17:26:10.045579,-3.3,100.0,95.0
2026-06-22T17:26:12.063406,-3.3,100.0,95.0
2026-06-22T17:26:14.065028,-3.3,100.0,95.0
2026-06-22T17:26:16.050872,-3.3,100.0,95.0
2026-06-22T17:26:18.084754,-3.3,100.0,95.0
2026-06-22T17:26:20.070505,-3.3,100.0,95.0
2026-06-22T17:26:22.072464,-3.3,100.0,95.0
2026-06-22T17:26:24.058214,-3.3,100.0,95.0
2026-06-22T17:26:26.044068,-3.3,100.0,95.0
2026-06-22T17:26:28.078036,-3.3,100.0,95.0
2026-06-22T17:26:30.063654,-3.3,100.0,95.0
2026-06-22T17:26:32.097428,-3.3,100.0,95.0
2026-06-22T17:26:34.083311,-3.3,100.0,95.0
2026-06-22T17:26:36.085165,-3.3,100.0,95.0
2026-06-22T17:26:38.070815,-3.3,100.0,95.0
2026-06-22T17:26:40.104651,-3.3,100.0,95.0
2026-06-22T17:26:42.058758,-3.3,100.0,95.0
2026-06-22T17:26:44.076295,-3.3,100.0,95.0
2026-06-22T17:26:46.078018,-3.3,100.0,95.0
2026-06-22T17:26:48.096040,-3.3,100.0,95.0
2026-06-22T17:26:50.097768,-3.3,100.0,95.0
2026-06-22T17:26:52.083656,-3.3,100.0,95.0
2026-06-22T17:26:54.117441,-3.3,100.0,95.0
2026-06-22T17:26:56.103269,-3.3,100.0,95.0
2026-06-22T17:26:58.105126,-3.3,100.0,95.0
2026-06-22T17:27:00.090954,-3.3,100.0,95.0
2026-06-22T17:27:02.092560,-3.3,100.0,95.0
2026-06-22T17:27:04.078375,-3.3,100.0,95.0
2026-06-22T17:27:06.096060,-3.3,100.0,95.0
2026-06-22T17:27:08.098353,-3.3,100.0,95.0
2026-06-22T17:27:10.115767,-3.3,100.0,95.0
2026-06-22T17:27:12.117602,-3.3,100.0,95.0
2026-06-22T17:27:14.103427,-3.3,100.0,95.0
2026-06-22T17:27:16.137328,-3.3,100.0,95.0
2026-06-22T17:27:18.091014,-3.3,100.0,95.0
2026-06-22T17:27:20.124906,-3.3,100.0,95.0
2026-06-22T17:27:22.110616,-3.3,100.0,95.0
2026-06-22T17:27:24.112785,-3.3,100.0,95.0
2026-06-22T17:27:26.098012,-3.3,100.0,95.0
2026-06-22T17:27:28.115844,-3.3,100.0,95.0
2026-06-22T17:27:30.117535,-3.3,100.0,95.0
2026-06-22T17:27:32.135336,-3.3,100.0,95.0
2026-06-22T17:27:34.137497,-3.3,100.0,95.0
2026-06-22T17:27:36.122814,-3.3,100.0,95.0
2026-06-22T17:27:38.156600,-3.3,100.0,95.0
2026-06-22T17:27:40.110335,-3.3,100.0,95.0
2026-06-22T17:27:42.144168,-3.3,100.0,95.0
2026-06-22T17:27:44.129887,-3.3,100.0,95.0
2026-06-22T17:27:46.115866,-3.3,100.0,95.0
2026-06-22T17:27:48.117553,-3.3,100.0,95.0
2026-06-22T17:27:50.135285,-3.3,100.0,95.0
2026-06-22T17:27:52.137217,-3.3,100.0,95.0
2026-06-22T17:27:54.123093,-3.3,100.0,95.0
2026-06-22T17:27:56.156765,-3.3,100.0,95.0
2026-06-22T17:27:58.142539,-3.3,100.0,95.0
2026-06-22T17:28:00.144373,-3.3,100.0,95.0
2026-06-22T17:28:02.130110,-3.3,100.0,95.0
2026-06-22T17:28:04.147808,-3.3,100.0,95.0
2026-06-22T17:28:06.149827,-3.3,100.0,95.0
2026-06-22T17:28:08.135191,-3.3,100.0,95.0
2026-06-22T17:28:10.169047,-3.3,100.0,95.0
2026-06-22T17:28:12.186707,-3.3,100.0,95.0
2026-06-22T17:28:14.156421,-3.3,100.0,95.0
2026-06-22T17:28:16.174398,-3.3,100.0,95.0
2026-06-22T17:28:18.175980,-3.3,100.0,95.0
2026-06-22T17:28:20.161724,-3.3,100.0,95.0
2026-06-22T17:28:22.195587,-3.3,100.0,95.0
2026-06-22T17:28:24.181327,-3.3,100.0,95.0
2026-06-22T17:28:26.183434,-3.3,100.0,95.0
2026-06-22T17:28:28.168983,-3.3,100.0,95.0
2026-06-22T17:28:30.186841,-3.3,100.0,95.0
2026-06-22T17:28:32.156549,-3.3,100.0,95.0
2026-06-22T17:28:34.174383,-3.3,100.0,95.0
2026-06-22T17:28:36.176283,-3.3,100.0,95.0
2026-06-22T17:28:38.162116,-3.3,100.0,95.0
2026-06-22T17:28:40.195947,-3.3,100.0,95.0
2026-06-22T17:28:42.182040,-3.3,100.0,95.0
2026-06-22T17:28:44.185775,-3.3,100.0,95.0
2026-06-22T17:28:46.169426,-3.3,100.0,95.0
2026-06-22T17:28:48.155111,-3.3,100.0,95.0
2026-06-22T17:28:50.156922,-3.3,100.0,95.0
2026-06-22T17:28:52.174838,-3.3,100.0,95.0
2026-06-22T17:28:54.176829,-3.3,100.0,95.0
2026-06-22T17:28:56.162664,-3.3,100.0,95.0
2026-06-22T17:28:58.196604,-3.3,100.0,95.0
2026-06-22T17:29:00.182496,-3.3,100.0,95.0
2026-06-22T17:29:02.183976,-3.3,100.0,95.0
2026-06-22T17:29:04.169799,-3.3,100.0,95.0
2026-06-22T17:29:06.155685,-3.3,100.0,95.0
2026-06-22T17:29:08.157503,-3.3,100.0,95.0
2026-06-22T17:29:10.175184,-3.3,100.0,95.0
2026-06-22T17:29:12.176999,-3.3,100.0,95.0
2026-06-22T17:29:14.162820,-3.3,100.0,95.0
2026-06-22T17:29:16.196633,-3.3,100.0,95.0
2026-06-22T17:29:18.182371,-3.3,100.0,95.0
2026-06-22T17:29:20.184178,-3.3,100.0,95.0
2026-06-22T17:29:22.169998,-3.3,100.0,95.0
2026-06-22T17:29:24.155969,-3.3,100.0,95.0
2026-06-22T17:29:26.158858,-3.3,100.0,95.0
2026-06-22T17:29:28.175437,-3.3,100.0,95.0
2026-06-22T17:29:30.177209,-3.3,100.0,95.0
2026-06-22T17:29:32.163212,-3.3,100.0,95.0
2026-06-22T17:29:34.196806,-3.3,100.0,95.0
2026-06-22T17:29:36.182538,-3.3,100.0,95.0
2026-06-22T17:29:38.184303,-3.3,100.0,95.0
2026-06-22T17:29:40.170261,-3.3,100.0,95.0
2026-06-22T17:29:42.187764,-3.3,100.0,95.0
2026-06-22T17:29:44.157701,-3.3,100.0,95.0
2026-06-22T17:29:46.175562,-3.3,100.0,95.0
2026-06-22T17:29:48.177456,-3.3,100.0,95.0
2026-06-22T17:29:50.163088,-3.3,100.0,95.0
2026-06-22T17:29:52.196993,-3.3,100.0,95.0
2026-06-22T17:29:54.183403,-3.3,100.0,95.0
2026-06-22T17:29:56.168628,-3.3,100.0,95.0
2026-06-22T17:29:58.171205,-3.3,100.0,95.0
2026-06-22T17:30:00.172938,-3.3,100.0,95.0
2026-06-22T17:30:02.158551,-3.3,100.0,95.0
2026-06-22T17:30:04.176748,-3.3,100.0,95.0
2026-06-22T17:30:06.178093,-3.3,100.0,95.0
2026-06-22T17:30:08.163899,-3.3,100.0,95.0
2026-06-22T17:30:10.197684,-3.3,100.0,95.0
2026-06-22T17:30:12.183592,-3.3,100.0,95.0
2026-06-22T17:30:14.185470,-3.3,100.0,95.0
2026-06-22T17:30:16.171353,-3.3,100.0,95.0
2026-06-22T17:30:18.173163,-3.3,100.0,95.0
2026-06-22T17:30:20.159152,-3.3,100.0,95.0
2026-06-22T17:30:22.176972,-3.3,100.0,95.0
2026-06-22T17:30:24.178798,-3.3,100.0,95.0
2026-06-22T17:30:26.164562,-3.3,100.0,95.0
2026-06-22T17:30:28.166386,-3.3,100.0,95.0
2026-06-22T17:30:30.184194,-3.3,100.0,95.0
2026-06-22T17:30:32.185842,-3.3,100.0,95.0
2026-06-22T17:30:34.171620,-3.3,100.0,95.0
2026-06-22T17:30:36.173469,-3.3,100.0,95.0
2026-06-22T17:30:38.159225,-3.3,100.0,95.0
2026-06-22T17:30:40.225188,-3.3,100.0,95.0
2026-06-22T17:30:42.179001,-3.3,100.0,95.0
2026-06-22T17:30:44.164620,-3.3,100.0,95.0
2026-06-22T17:30:46.166469,-3.3,100.0,95.0
2026-06-22T17:30:48.152429,-3.3,100.0,95.0
2026-06-22T17:30:50.186225,-3.3,100.0,95.0
2026-06-22T17:30:52.171815,-3.3,100.0,95.0
2026-06-22T17:30:54.173888,-3.3,100.0,95.0
2026-06-22T17:30:56.159679,-3.3,100.0,95.0
2026-06-22T17:30:58.177526,-3.3,100.0,95.0
2026-06-22T17:31:00.179631,-3.3,100.0,95.0
2026-06-22T17:31:02.165042,-3.3,100.0,95.0
2026-06-22T17:31:04.167068,-3.3,100.0,95.0
2026-06-22T17:31:06.152496,-3.3,100.0,95.0
2026-06-22T17:31:08.186439,-3.3,100.0,95.0
2026-06-22T17:31:10.172102,-3.3,100.0,95.0
2026-06-22T17:31:12.173949,-3.3,100.0,95.0
2026-06-22T17:31:14.191948,-3.3,100.0,95.0
2026-06-22T17:31:16.177630,-3.3,100.0,95.0
2026-06-22T17:31:18.179527,-3.3,100.0,95.0
2026-06-22T17:38:29.526518,-3.3,100.0,95.0
2026-06-22T17:38:31.529024,-3.3,100.0,95.0
2026-06-22T17:38:33.547668,-3.3,100.0,95.0
2026-06-22T17:38:35.550256,-3.3,100.0,95.0
2026-06-22T17:38:37.568719,-3.3,100.0,95.0
2026-06-22T17:38:39.571302,-3.3,100.0,95.0
2026-06-22T17:38:41.573926,-3.3,100.0,95.0
2026-06-22T17:38:43.560573,-3.3,100.0,95.0
2026-06-22T17:38:45.578861,-3.3,100.0,95.0
2026-06-22T17:38:47.549567,-3.3,100.0,95.0
2026-06-22T17:38:49.583826,-3.3,100.0,95.0
2026-06-22T17:38:51.570361,-3.3,100.0,95.0
2026-06-22T17:38:53.589027,-3.3,70.0,95.0
2026-06-22T17:38:55.591610,-3.3,70.0,95.0
2026-06-22T17:38:57.594044,-3.3,70.0,95.0
2026-06-22T17:38:59.580597,-3.3,70.0,95.0
2026-06-22T17:39:01.615021,-3.3,70.0,95.0
2026-06-22T17:39:03.601673,-3.3,70.0,95.0
2026-06-22T17:39:05.604137,-3.3,70.0,95.0
2026-06-22T17:39:07.590745,-3.3,70.0,95.0
2026-06-22T17:39:09.625194,-3.3,70.0,95.0
2026-06-22T17:39:11.580013,-3.3,70.0,95.0
2026-06-22T17:39:13.598236,-3.3,70.0,95.0
2026-06-22T17:39:15.601065,-3.3,70.0,95.0
2026-06-22T17:39:17.587322,-3.3,70.0,95.0
2026-06-22T17:39:19.590007,-3.3,70.0,95.0
2026-06-22T17:39:21.608392,-3.3,70.0,95.0
2026-06-22T17:39:23.578858,-3.3,70.0,95.0
2026-06-22T17:39:25.597407,-3.3,70.0,95.0
2026-06-22T17:39:27.599966,-3.3,70.0,95.0
2026-06-22T17:39:29.618597,-3.3,70.0,95.0
2026-06-22T17:39:31.621155,-3.3,70.0,95.0
2026-06-22T17:39:33.608493,-3.3,70.0,95.0
2026-06-22T17:39:35.610100,-3.3,70.0,95.0
2026-06-22T17:39:37.596629,-3.3,70.0,95.0
2026-06-22T17:39:39.631345,-3.3,70.0,95.0
2026-06-22T17:39:41.633851,-3.3,70.0,95.0
2026-06-22T17:39:43.620449,-3.3,70.0,95.0
2026-06-22T17:39:45.606895,-3.3,70.0,95.0
2026-06-22T17:39:47.641303,-3.3,70.0,95.0
2026-06-22T17:39:49.627983,-3.3,70.0,95.0
2026-06-22T17:39:51.630959,-3.3,70.0,95.0
2026-06-22T17:39:53.617048,-3.3,70.0,95.0
2026-06-22T17:39:55.619466,-3.3,70.0,95.0
2026-06-22T17:39:57.654074,-3.3,70.0,95.0
2026-06-22T17:39:59.640726,-3.3,70.0,95.0
2026-06-22T17:40:01.659300,-3.3,70.0,95.0
2026-06-22T17:40:03.629645,-3.3,70.0,95.0
2026-06-22T17:40:05.648252,-3.3,70.0,95.0
2026-06-22T17:40:07.618975,-3.3,70.0,95.0
2026-06-22T17:40:09.669161,-3.3,70.0,95.0
2026-06-22T17:40:11.639901,-3.3,70.0,95.0
2026-06-22T17:40:13.626108,-3.3,70.0,95.0
2026-06-22T17:40:15.628781,-3.3,70.0,95.0
2026-06-22T17:40:17.647285,-3.3,70.0,95.0
2026-06-22T17:40:19.649887,-3.3,70.0,95.0
